"Position","Name","Salary","GameInfo","AvgPointsPerGame","teamAbbrev"
"RB","Le'Veon Bell",9100,"CIN@PIT 10/22/2017 04:25PM ET",21.767,"PIT"
"RB","Ezekiel Elliott",9000,"DAL@SF 10/22/2017 04:05PM ET",18.740,"DAL"
"WR","Antonio Brown",8900,"CIN@PIT 10/22/2017 04:25PM ET",23.667,"PIT"
"RB","Leonard Fournette",8600,"JAX@IND 10/22/2017 01:00PM ET",23.200,"JAX"
"WR","Julio Jones",8500,"ATL@NE 10/22/2017 08:30PM ET",12.940,"ATL"
"WR","A.J. Green",8300,"CIN@PIT 10/22/2017 04:25PM ET",21.080,"CIN"
"RB","Todd Gurley II",8200,"ARI@LAR 10/22/2017 01:00PM ET",24.767,"LAR"
"QB","Tom Brady",8000,"ATL@NE 10/22/2017 08:30PM ET",23.743,"NE"
"WR","Dez Bryant",7800,"DAL@SF 10/22/2017 04:05PM ET",13.080,"DAL"
"WR","Mike Evans",7600,"TB@BUF 10/22/2017 01:00PM ET",16.420,"TB"
"QB","Drew Brees",7600,"NO@GB 10/22/2017 01:00PM ET",18.848,"NO"
"WR","Michael Thomas",7500,"NO@GB 10/22/2017 01:00PM ET",14.420,"NO"
"QB","Matt Ryan",7500,"ATL@NE 10/22/2017 08:30PM ET",15.376,"ATL"
"RB","LeSean McCoy",7400,"TB@BUF 10/22/2017 01:00PM ET",15.360,"BUF"
"WR","Brandin Cooks",7400,"ATL@NE 10/22/2017 08:30PM ET",14.867,"NE"
"WR","Larry Fitzgerald",7300,"ARI@LAR 10/22/2017 01:00PM ET",18.583,"ARI"
"QB","Dak Prescott",7300,"DAL@SF 10/22/2017 04:05PM ET",22.456,"DAL"
"TE","Rob Gronkowski",7300,"ATL@NE 10/22/2017 08:30PM ET",18.620,"NE"
"RB","Devonta Freeman",7300,"ATL@NE 10/22/2017 08:30PM ET",17.480,"ATL"
"RB","C.J. Anderson",7200,"DEN@LAC 10/22/2017 04:25PM ET",13.280,"DEN"
"QB","Cam Newton",7000,"CAR@CHI 10/22/2017 01:00PM ET",21.190,"CAR"
"WR","Chris Hogan",7000,"ATL@NE 10/22/2017 08:30PM ET",14.400,"NE"
"WR","Kelvin Benjamin",6900,"CAR@CHI 10/22/2017 01:00PM ET",12.017,"CAR"
"QB","Marcus Mariota",6900,"TEN@CLE 10/22/2017 01:00PM ET",17.704,"TEN"
"TE","Zach Ertz",6900,"WAS@PHI 10/23/2017 08:30PM ET",16.250,"PHI"
"QB","Aaron Rodgers",6800,"NO@GB 10/22/2017 01:00PM ET",20.117,"GB"
"WR","Jordy Nelson",6800,"NO@GB 10/22/2017 01:00PM ET",15.000,"GB"
"WR","Jarvis Landry",6800,"NYJ@MIA 10/22/2017 01:00PM ET",15.300,"MIA"
"RB","Mark Ingram",6700,"NO@GB 10/22/2017 01:00PM ET",15.700,"NO"
"WR","Adam Thielen",6700,"BAL@MIN 10/22/2017 01:00PM ET",14.833,"MIN"
"QB","Carson Wentz",6700,"WAS@PHI 10/23/2017 08:30PM ET",22.443,"PHI"
"QB","Carson Palmer",6600,"ARI@LAR 10/22/2017 01:00PM ET",19.080,"ARI"
"WR","Doug Baldwin",6600,"SEA@NYG 10/22/2017 04:25PM ET",13.220,"SEA"
"RB","David Johnson",6500,"ARI@LAR 10/22/2017 01:00PM ET",14.100,"ARI"
"WR","DeVante Parker",6500,"NYJ@MIA 10/22/2017 01:00PM ET",12.150,"MIA"
"QB","Kirk Cousins",6500,"WAS@PHI 10/23/2017 08:30PM ET",21.532,"WAS"
"RB","Jordan Howard",6400,"CAR@CHI 10/22/2017 01:00PM ET",15.867,"CHI"
"QB","Russell Wilson",6400,"SEA@NYG 10/22/2017 04:25PM ET",20.656,"SEA"
"RB","Jerick McKinnon",6300,"BAL@MIN 10/22/2017 01:00PM ET",11.017,"MIN"
"WR","Keenan Allen",6300,"DEN@LAC 10/22/2017 04:25PM ET",14.933,"LAC"
"RB","DeMarco Murray",6200,"TEN@CLE 10/22/2017 01:00PM ET",11.317,"TEN"
"RB","Jay Ajayi",6200,"NYJ@MIA 10/22/2017 01:00PM ET",10.680,"MIA"
"QB","Ben Roethlisberger",6200,"CIN@PIT 10/22/2017 04:25PM ET",13.707,"PIT"
"WR","Alshon Jeffery",6200,"WAS@PHI 10/23/2017 08:30PM ET",11.617,"PHI"
"RB","Christian McCaffrey",6100,"CAR@CHI 10/22/2017 01:00PM ET",15.117,"CAR"
"WR","T.Y. Hilton",6100,"JAX@IND 10/22/2017 01:00PM ET",14.083,"IND"
"QB","Jameis Winston",6000,"TB@BUF 10/22/2017 01:00PM ET",17.472,"TB"
"WR","Devin Funchess",6000,"CAR@CHI 10/22/2017 01:00PM ET",12.583,"CAR"
"RB","Doug Martin",5900,"TB@BUF 10/22/2017 01:00PM ET",15.300,"TB"
"QB","Sam Bradford",5900,"BAL@MIN 10/22/2017 01:00PM ET",14.990,"MIN"
"RB","Carlos Hyde",5900,"DAL@SF 10/22/2017 04:05PM ET",16.700,"SF"
"WR","Emmanuel Sanders",5900,"DEN@LAC 10/22/2017 04:25PM ET",12.720,"DEN"
"TE","Delanie Walker",5800,"TEN@CLE 10/22/2017 01:00PM ET",9.483,"TEN"
"WR","Davante Adams",5800,"NO@GB 10/22/2017 01:00PM ET",15.317,"GB"
"RB","Adrian Peterson",5800,"ARI@LAR 10/22/2017 01:00PM ET",7.780,"ARI"
"QB","Jared Goff",5800,"ARI@LAR 10/22/2017 01:00PM ET",15.627,"LAR"
"WR","Pierre Garcon",5800,"DAL@SF 10/22/2017 04:05PM ET",13.233,"SF"
"WR","Demaryius Thomas",5800,"DEN@LAC 10/22/2017 04:25PM ET",13.600,"DEN"
"WR","DeSean Jackson",5700,"TB@BUF 10/22/2017 01:00PM ET",12.140,"TB"
"QB","Andy Dalton",5700,"CIN@PIT 10/22/2017 04:25PM ET",15.080,"CIN"
"RB","Darren McFadden",5700,"DAL@SF 10/22/2017 04:05PM ET",0,"DAL"
"RB","Chris Thompson",5700,"WAS@PHI 10/23/2017 08:30PM ET",19.700,"WAS"
"QB","Derek Anderson",5600,"CAR@CHI 10/22/2017 01:00PM ET",0.680,"CAR"
"RB","Alvin Kamara",5600,"NO@GB 10/22/2017 01:00PM ET",13.540,"NO"
"WR","Danny Amendola",5600,"ATL@NE 10/22/2017 08:30PM ET",13.140,"NE"
"WR","Rishard Matthews",5500,"TEN@CLE 10/22/2017 01:00PM ET",10.833,"TEN"
"RB","Derrick Henry",5500,"TEN@CLE 10/22/2017 01:00PM ET",8.533,"TEN"
"RB","Ty Montgomery",5500,"NO@GB 10/22/2017 01:00PM ET",13.640,"GB"
"QB","Andrew Luck",5500,"JAX@IND 10/22/2017 01:00PM ET",0,"IND"
"QB","Jimmy Garoppolo",5500,"ATL@NE 10/22/2017 08:30PM ET",0,"NE"
"RB","Alfred Morris",5400,"DAL@SF 10/22/2017 04:05PM ET",2.175,"DAL"
"QB","Trevor Siemian",5400,"DEN@LAC 10/22/2017 04:25PM ET",18.012,"DEN"
"WR","Randall Cobb",5300,"NO@GB 10/22/2017 01:00PM ET",11.520,"GB"
"RB","Javorius Allen",5300,"BAL@MIN 10/22/2017 01:00PM ET",12.417,"BAL"
"QB","Philip Rivers",5300,"DEN@LAC 10/22/2017 04:25PM ET",17.570,"LAC"
"WR","Terrelle Pryor Sr.",5300,"WAS@PHI 10/23/2017 08:30PM ET",8.580,"WAS"
"RB","Aaron Jones",5200,"NO@GB 10/22/2017 01:00PM ET",7.900,"GB"
"QB","Josh McCown",5200,"NYJ@MIA 10/22/2017 01:00PM ET",14.927,"NYJ"
"WR","Sterling Shepard",5200,"SEA@NYG 10/22/2017 04:25PM ET",11.720,"NYG"
"QB","Tyrod Taylor",5100,"TB@BUF 10/22/2017 01:00PM ET",14.100,"BUF"
"QB","Brett Hundley",5100,"NO@GB 10/22/2017 01:00PM ET",3.790,"GB"
"RB","Bilal Powell",5100,"NYJ@MIA 10/22/2017 01:00PM ET",11.840,"NYJ"
"QB","Ryan Fitzpatrick",5000,"TB@BUF 10/22/2017 01:00PM ET",11.200,"TB"
"QB","Matt Cassel",5000,"TEN@CLE 10/22/2017 01:00PM ET",3.240,"TEN"
"QB","Kevin Hogan",5000,"TEN@CLE 10/22/2017 01:00PM ET",9.695,"CLE"
"QB","Jacoby Brissett",5000,"JAX@IND 10/22/2017 01:00PM ET",14.527,"IND"
"TE","Austin Seferian-Jenkins",5000,"NYJ@MIA 10/22/2017 01:00PM ET",12.300,"NYJ"
"QB","Case Keenum",5000,"BAL@MIN 10/22/2017 01:00PM ET",14.572,"MIN"
"RB","Joe Mixon",5000,"CIN@PIT 10/22/2017 04:25PM ET",8.700,"CIN"
"WR","Cole Beasley",5000,"DAL@SF 10/22/2017 04:05PM ET",7.580,"DAL"
"RB","James White",5000,"ATL@NE 10/22/2017 08:30PM ET",11.350,"NE"
"RB","Duke Johnson Jr.",4900,"TEN@CLE 10/22/2017 01:00PM ET",13.767,"CLE"
"QB","DeShone Kizer",4900,"TEN@CLE 10/22/2017 01:00PM ET",11.928,"CLE"
"WR","John Brown",4900,"ARI@LAR 10/22/2017 01:00PM ET",10.450,"ARI"
"QB","C.J. Beathard",4900,"DAL@SF 10/22/2017 04:05PM ET",7.100,"SF"
"TE","Jimmy Graham",4900,"SEA@NYG 10/22/2017 04:25PM ET",8.980,"SEA"
"WR","Taylor Gabriel",4900,"ATL@NE 10/22/2017 08:30PM ET",7.500,"ATL"
"WR","Nelson Agholor",4900,"WAS@PHI 10/23/2017 08:30PM ET",12.683,"PHI"
"WR","Corey Coleman",4800,"TEN@CLE 10/22/2017 01:00PM ET",9.100,"CLE"
"RB","Chris Ivory",4800,"JAX@IND 10/22/2017 01:00PM ET",8.750,"JAX"
"QB","Brian Hoyer",4800,"DAL@SF 10/22/2017 04:05PM ET",12.250,"SF"
"QB","Eli Manning",4800,"SEA@NYG 10/22/2017 04:25PM ET",16.623,"NYG"
"WR","Mohamed Sanu",4800,"ATL@NE 10/22/2017 08:30PM ET",9.675,"ATL"
"RB","Tevin Coleman",4800,"ATL@NE 10/22/2017 08:30PM ET",12.640,"ATL"
"TE","Jordan Reed",4800,"WAS@PHI 10/23/2017 08:30PM ET",8.050,"WAS"
"TE","Cameron Brate",4700,"TB@BUF 10/22/2017 01:00PM ET",14.620,"TB"
"RB","Tarik Cohen",4700,"CAR@CHI 10/22/2017 01:00PM ET",12.290,"CHI"
"QB","Blake Bortles",4700,"JAX@IND 10/22/2017 01:00PM ET",13.553,"JAX"
"QB","Jay Cutler",4700,"NYJ@MIA 10/22/2017 01:00PM ET",10.456,"MIA"
"WR","Jermaine Kearse",4700,"NYJ@MIA 10/22/2017 01:00PM ET",12.317,"NYJ"
"QB","Joe Flacco",4700,"BAL@MIN 10/22/2017 01:00PM ET",8.303,"BAL"
"QB","AJ McCarron",4700,"CIN@PIT 10/22/2017 04:25PM ET",0.000,"CIN"
"RB","Dion Lewis",4700,"ATL@NE 10/22/2017 08:30PM ET",6.383,"NE"
"QB","Colt McCoy",4700,"WAS@PHI 10/23/2017 08:30PM ET",0,"WAS"
"RB","Wendell Smallwood",4700,"WAS@PHI 10/23/2017 08:30PM ET",7.475,"PHI"
"TE","Greg Olsen",4600,"CAR@CHI 10/22/2017 01:00PM ET",2.900,"CAR"
"QB","Mitchell Trubisky",4600,"CAR@CHI 10/22/2017 01:00PM ET",7.347,"CHI"
"QB","Chase Daniel",4600,"NO@GB 10/22/2017 01:00PM ET",0,"NO"
"WR","Cooper Kupp",4600,"ARI@LAR 10/22/2017 01:00PM ET",9.583,"LAR"
"WR","Corey Davis",4500,"TEN@CLE 10/22/2017 01:00PM ET",7.150,"TEN"
"QB","Joe Callahan",4500,"NO@GB 10/22/2017 01:00PM ET",0,"GB"
"QB","Matt Moore",4500,"NYJ@MIA 10/22/2017 01:00PM ET",0,"MIA"
"RB","Matt Forte",4500,"NYJ@MIA 10/22/2017 01:00PM ET",9.575,"NYJ"
"QB","Landry Jones",4500,"CIN@PIT 10/22/2017 04:25PM ET",0,"PIT"
"RB","James Conner",4500,"CIN@PIT 10/22/2017 04:25PM ET",1.150,"PIT"
"TE","Jason Witten",4500,"DAL@SF 10/22/2017 04:05PM ET",12.180,"DAL"
"QB","Cooper Rush",4500,"DAL@SF 10/22/2017 04:05PM ET",0,"DAL"
"QB","Cardale Jones",4500,"DEN@LAC 10/22/2017 04:25PM ET",0,"LAC"
"QB","Geno Smith",4500,"SEA@NYG 10/22/2017 04:25PM ET",0,"NYG"
"RB","Mike Gillislee",4500,"ATL@NE 10/22/2017 08:30PM ET",8.667,"NE"
"RB","LeGarrette Blount",4500,"WAS@PHI 10/23/2017 08:30PM ET",10.183,"PHI"
"QB","Mike Glennon",4400,"CAR@CHI 10/22/2017 01:00PM ET",11.180,"CHI"
"WR","Jaron Brown",4400,"ARI@LAR 10/22/2017 01:00PM ET",9.067,"ARI"
"WR","Sammy Watkins",4400,"ARI@LAR 10/22/2017 01:00PM ET",8.700,"LAR"
"WR","Kenny Stills",4400,"NYJ@MIA 10/22/2017 01:00PM ET",8.460,"MIA"
"RB","Matt Breida",4400,"DAL@SF 10/22/2017 04:05PM ET",5.083,"SF"
"TE","Evan Engram",4400,"SEA@NYG 10/22/2017 04:25PM ET",10.700,"NYG"
"QB","Nick Foles",4400,"WAS@PHI 10/23/2017 08:30PM ET",0,"PHI"
"WR","Eric Decker",4300,"TEN@CLE 10/22/2017 01:00PM ET",7.600,"TEN"
"QB","Chad Henne",4300,"JAX@IND 10/22/2017 01:00PM ET",-0.300,"JAX"
"QB","Scott Tolzien",4300,"JAX@IND 10/22/2017 01:00PM ET",3.320,"IND"
"WR","Marqise Lee",4300,"JAX@IND 10/22/2017 01:00PM ET",8.467,"JAX"
"RB","T.J. Yeldon",4300,"JAX@IND 10/22/2017 01:00PM ET",0,"JAX"
"QB","Blaine Gabbert",4300,"ARI@LAR 10/22/2017 01:00PM ET",0,"ARI"
"RB","Andre Ellington",4300,"ARI@LAR 10/22/2017 01:00PM ET",9.767,"ARI"
"WR","Martavis Bryant",4300,"CIN@PIT 10/22/2017 04:25PM ET",8.017,"PIT"
"QB","Austin Davis",4300,"SEA@NYG 10/22/2017 04:25PM ET",0,"SEA"
"QB","Matt Schaub",4300,"ATL@NE 10/22/2017 08:30PM ET",0.000,"ATL"
"RB","Samaje Perine",4300,"WAS@PHI 10/23/2017 08:30PM ET",5.920,"WAS"
"WR","Adam Humphries",4200,"TB@BUF 10/22/2017 01:00PM ET",9.760,"TB"
"WR","Ricardo Louis",4200,"TEN@CLE 10/22/2017 01:00PM ET",6.817,"CLE"
"RB","Jamaal Williams",4200,"NO@GB 10/22/2017 01:00PM ET",1.000,"GB"
"QB","Sean Mannion",4200,"ARI@LAR 10/22/2017 01:00PM ET",-0.220,"LAR"
"WR","Robby Anderson",4200,"NYJ@MIA 10/22/2017 01:00PM ET",8.933,"NYJ"
"RB","Elijah McGuire",4200,"NYJ@MIA 10/22/2017 01:00PM ET",5.883,"NYJ"
"WR","Jeremy Maclin",4200,"BAL@MIN 10/22/2017 01:00PM ET",8.780,"BAL"
"TE","Hunter Henry",4200,"DEN@LAC 10/22/2017 04:25PM ET",8.633,"LAC"
"WR","Paul Richardson",4200,"SEA@NYG 10/22/2017 04:25PM ET",9.360,"SEA"
"WR","Jamison Crowder",4200,"WAS@PHI 10/23/2017 08:30PM ET",5.640,"WAS"
"RB","Rob Kelley",4200,"WAS@PHI 10/23/2017 08:30PM ET",4.367,"WAS"
"WR","Ted Ginn Jr.",4100,"NO@GB 10/22/2017 01:00PM ET",10.280,"NO"
"RB","Frank Gore",4100,"JAX@IND 10/22/2017 01:00PM ET",10.133,"IND"
"WR","Allen Hurns",4100,"JAX@IND 10/22/2017 01:00PM ET",9.567,"JAX"
"RB","Marlon Mack",4100,"JAX@IND 10/22/2017 01:00PM ET",7.850,"IND"
"WR","Jeremy Kerley",4100,"NYJ@MIA 10/22/2017 01:00PM ET",8.860,"NYJ"
"WR","Mike Wallace",4100,"BAL@MIN 10/22/2017 01:00PM ET",8.050,"BAL"
"RB","Jamaal Charles",4100,"DEN@LAC 10/22/2017 04:25PM ET",6.140,"DEN"
"QB","Brock Osweiler",4100,"DEN@LAC 10/22/2017 04:25PM ET",0.620,"DEN"
"WR","Tyler Lockett",4100,"SEA@NYG 10/22/2017 04:25PM ET",7.720,"SEA"
"RB","Thomas Rawls",4100,"SEA@NYG 10/22/2017 04:25PM ET",1.967,"SEA"
"RB","C.J. Prosise",4100,"SEA@NYG 10/22/2017 04:25PM ET",5.567,"SEA"
"TE","Austin Hooper",4100,"ATL@NE 10/22/2017 08:30PM ET",10.040,"ATL"
"QB","Joe Webb",4000,"TB@BUF 10/22/2017 01:00PM ET",0.000,"BUF"
"TE","Charles Clay",4000,"TB@BUF 10/22/2017 01:00PM ET",12.160,"BUF"
"RB","Jacquizz Rodgers",4000,"TB@BUF 10/22/2017 01:00PM ET",6.240,"TB"
"QB","Ryan Griffin",4000,"TB@BUF 10/22/2017 01:00PM ET",0,"TB"
"QB","Nathan Peterman",4000,"TB@BUF 10/22/2017 01:00PM ET",0,"BUF"
"QB","Mark Sanchez",4000,"CAR@CHI 10/22/2017 01:00PM ET",0,"CHI"
"QB","Garrett Gilbert",4000,"CAR@CHI 10/22/2017 01:00PM ET",0,"CAR"
"QB","Brad Kaaya",4000,"CAR@CHI 10/22/2017 01:00PM ET",0,"CAR"
"WR","Kenny Britt",4000,"TEN@CLE 10/22/2017 01:00PM ET",6.525,"CLE"
"QB","Brandon Weeden",4000,"TEN@CLE 10/22/2017 01:00PM ET",0,"TEN"
"WR","Josh Gordon",4000,"TEN@CLE 10/22/2017 01:00PM ET",0,"CLE"
"QB","Cody Kessler",4000,"TEN@CLE 10/22/2017 01:00PM ET",0,"CLE"
"RB","Isaiah Crowell",4000,"TEN@CLE 10/22/2017 01:00PM ET",7.233,"CLE"
"QB","Taysom Hill",4000,"NO@GB 10/22/2017 01:00PM ET",0,"NO"
"WR","Willie Snead",4000,"NO@GB 10/22/2017 01:00PM ET",2.100,"NO"
"QB","Drew Stanton",4000,"ARI@LAR 10/22/2017 01:00PM ET",0,"ARI"
"WR","Robert Woods",4000,"ARI@LAR 10/22/2017 01:00PM ET",9.500,"LAR"
"WR","J.J. Nelson",4000,"ARI@LAR 10/22/2017 01:00PM ET",10.283,"ARI"
"QB","Brandon Allen",4000,"ARI@LAR 10/22/2017 01:00PM ET",0,"LAR"
"QB","Bryce Petty",4000,"NYJ@MIA 10/22/2017 01:00PM ET",0,"NYJ"
"RB","Kenyan Drake",4000,"NYJ@MIA 10/22/2017 01:00PM ET",0.800,"MIA"
"QB","Christian Hackenberg",4000,"NYJ@MIA 10/22/2017 01:00PM ET",0,"NYJ"
"QB","Ryan Mallett",4000,"BAL@MIN 10/22/2017 01:00PM ET",5.440,"BAL"
"RB","Latavius Murray",4000,"BAL@MIN 10/22/2017 01:00PM ET",2.933,"MIN"
"QB","Teddy Bridgewater",4000,"BAL@MIN 10/22/2017 01:00PM ET",0,"MIN"
"QB","Kyle Sloter",4000,"BAL@MIN 10/22/2017 01:00PM ET",0,"MIN"
"RB","Alex Collins",4000,"BAL@MIN 10/22/2017 01:00PM ET",6.300,"BAL"
"QB","Jeff Driskel",4000,"CIN@PIT 10/22/2017 04:25PM ET",0,"CIN"
"QB","Joshua Dobbs",4000,"CIN@PIT 10/22/2017 04:25PM ET",0,"PIT"
"QB","Kellen Moore",4000,"DAL@SF 10/22/2017 04:05PM ET",0,"DAL"
"QB","Kellen Clemens",4000,"DEN@LAC 10/22/2017 04:25PM ET",0,"LAC"
"RB","Branden Oliver",4000,"DEN@LAC 10/22/2017 04:25PM ET",3.200,"LAC"
"WR","Tyrell Williams",4000,"DEN@LAC 10/22/2017 04:25PM ET",9.450,"LAC"
"QB","Chad Kelly",4000,"DEN@LAC 10/22/2017 04:25PM ET",0,"DEN"
"QB","Paxton Lynch",4000,"DEN@LAC 10/22/2017 04:25PM ET",0,"DEN"
"DST","Seahawks ",4000,"SEA@NYG 10/22/2017 04:25PM ET",10.000,"SEA"
"QB","Davis Webb",4000,"SEA@NYG 10/22/2017 04:25PM ET",0,"NYG"
"RB","Malcolm Brown",3900,"ARI@LAR 10/22/2017 01:00PM ET",3.440,"LAR"
"RB","Terrance West",3900,"BAL@MIN 10/22/2017 01:00PM ET",5.820,"BAL"
"WR","Terrance Williams",3900,"DAL@SF 10/22/2017 04:05PM ET",7.400,"DAL"
"WR","Marquise Goodwin",3900,"DAL@SF 10/22/2017 04:05PM ET",7.750,"SF"
"RB","Eddie Lacy",3900,"SEA@NYG 10/22/2017 04:25PM ET",3.100,"SEA"
"RB","Wayne Gallman",3900,"SEA@NYG 10/22/2017 04:25PM ET",10.467,"NYG"
"RB","Corey Clement",3900,"WAS@PHI 10/23/2017 08:30PM ET",2.717,"PHI"
"RB","Mike Tolbert",3800,"TB@BUF 10/22/2017 01:00PM ET",5.540,"BUF"
"RB","Jonathan Stewart",3800,"CAR@CHI 10/22/2017 01:00PM ET",6.683,"CAR"
"WR","Russell Shepard",3800,"CAR@CHI 10/22/2017 01:00PM ET",3.983,"CAR"
"RB","Corey Grant",3800,"JAX@IND 10/22/2017 01:00PM ET",2.167,"JAX"
"TE","Kyle Rudolph",3800,"BAL@MIN 10/22/2017 01:00PM ET",8.850,"MIN"
"RB","Giovani Bernard",3800,"CIN@PIT 10/22/2017 04:25PM ET",9.500,"CIN"
"WR","JuJu Smith-Schuster",3800,"CIN@PIT 10/22/2017 04:25PM ET",7.700,"PIT"
"WR","Roger Lewis",3800,"SEA@NYG 10/22/2017 04:25PM ET",4.450,"NYG"
"RB","Rex Burkhead",3800,"ATL@NE 10/22/2017 08:30PM ET",8.350,"NE"
"WR","Josh Doctson",3800,"WAS@PHI 10/23/2017 08:30PM ET",5.000,"WAS"
"WR","Jordan Matthews",3700,"TB@BUF 10/22/2017 01:00PM ET",8.050,"BUF"
"WR","Kendall Wright",3700,"CAR@CHI 10/22/2017 01:00PM ET",8.267,"CHI"
"WR","Curtis Samuel",3700,"CAR@CHI 10/22/2017 01:00PM ET",1.820,"CAR"
"DST","Jaguars ",3700,"JAX@IND 10/22/2017 01:00PM ET",14.500,"JAX"
"RB","Robert Turbin",3700,"JAX@IND 10/22/2017 01:00PM ET",4.317,"IND"
"RB","Damien Williams",3700,"NYJ@MIA 10/22/2017 01:00PM ET",2.260,"MIA"
"RB","Danny Woodhead",3700,"BAL@MIN 10/22/2017 01:00PM ET",6.700,"BAL"
"WR","Aldrick Robinson",3700,"DAL@SF 10/22/2017 04:05PM ET",5.050,"SF"
"WR","Brice Butler",3700,"DAL@SF 10/22/2017 04:05PM ET",8.140,"DAL"
"RB","Orleans Darkwa",3700,"SEA@NYG 10/22/2017 04:25PM ET",8.160,"NYG"
"WR","Justin Hardy",3700,"ATL@NE 10/22/2017 08:30PM ET",3.700,"ATL"
"WR","Phillip Dorsett",3700,"ATL@NE 10/22/2017 08:30PM ET",2.200,"NE"
"TE","Vernon Davis",3700,"WAS@PHI 10/23/2017 08:30PM ET",7.700,"WAS"
"WR","Zay Jones",3600,"TB@BUF 10/22/2017 01:00PM ET",2.320,"BUF"
"DST","Panthers ",3600,"CAR@CHI 10/22/2017 01:00PM ET",6.500,"CAR"
"TE","George Kittle",3600,"DAL@SF 10/22/2017 04:05PM ET",8.033,"SF"
"RB","De'Angelo Henderson",3600,"DEN@LAC 10/22/2017 04:25PM ET",0.033,"DEN"
"RB","Shane Vereen",3600,"SEA@NYG 10/22/2017 04:25PM ET",6.550,"NYG"
"WR","Malcolm Mitchell",3600,"ATL@NE 10/22/2017 08:30PM ET",0,"NE"
"WR","Torrey Smith",3600,"WAS@PHI 10/23/2017 08:30PM ET",6.783,"PHI"
"RB","Kenjon Barner",3600,"WAS@PHI 10/23/2017 08:30PM ET",1.633,"PHI"
"WR","Brandon Tate",3500,"TB@BUF 10/22/2017 01:00PM ET",3.500,"BUF"
"RB","Charles Sims",3500,"TB@BUF 10/22/2017 01:00PM ET",4.840,"TB"
"TE","Ed Dickson",3500,"CAR@CHI 10/22/2017 01:00PM ET",8.117,"CAR"
"WR","Geronimo Allison",3500,"NO@GB 10/22/2017 01:00PM ET",5.660,"GB"
"DST","Cowboys ",3500,"DAL@SF 10/22/2017 04:05PM ET",4.600,"DAL"
"DST","Broncos ",3500,"DEN@LAC 10/22/2017 04:25PM ET",7.400,"DEN"
"RB","Devontae Booker",3500,"DEN@LAC 10/22/2017 04:25PM ET",6.700,"DEN"
"RB","Austin Ekeler",3500,"DEN@LAC 10/22/2017 04:25PM ET",4.483,"LAC"
"WR","Andre Roberts",3500,"ATL@NE 10/22/2017 08:30PM ET",0.440,"ATL"
"WR","Marvin Hall",3500,"ATL@NE 10/22/2017 08:30PM ET",11.000,"ATL"
"WR","Ryan Grant",3500,"WAS@PHI 10/23/2017 08:30PM ET",8.160,"WAS"
"DST","Bills ",3400,"TB@BUF 10/22/2017 01:00PM ET",9.800,"BUF"
"WR","Andre Holmes",3400,"TB@BUF 10/22/2017 01:00PM ET",4.300,"BUF"
"DST","Titans ",3400,"TEN@CLE 10/22/2017 01:00PM ET",5.167,"TEN"
"WR","Kasen Williams",3400,"TEN@CLE 10/22/2017 01:00PM ET",3.480,"CLE"
"TE","Jack Doyle",3400,"JAX@IND 10/22/2017 01:00PM ET",9.860,"IND"
"RB","Jeremy Hill",3400,"CIN@PIT 10/22/2017 04:25PM ET",3.080,"CIN"
"WR","Mike Williams",3400,"DEN@LAC 10/22/2017 04:25PM ET",2.500,"LAC"
"WR","Taywan Taylor",3300,"TEN@CLE 10/22/2017 01:00PM ET",4.817,"TEN"
"TE","Martellus Bennett",3300,"NO@GB 10/22/2017 01:00PM ET",7.267,"GB"
"WR","Brandon Coleman",3300,"NO@GB 10/22/2017 01:00PM ET",7.600,"NO"
"WR","Jeff Janis",3300,"NO@GB 10/22/2017 01:00PM ET",0.000,"GB"
"WR","Donte Moncrief",3300,"JAX@IND 10/22/2017 01:00PM ET",7.683,"IND"
"DST","Vikings ",3300,"BAL@MIN 10/22/2017 01:00PM ET",6.667,"MIN"
"WR","Michael Campanaro",3300,"BAL@MIN 10/22/2017 01:00PM ET",3.733,"BAL"
"WR","Laquon Treadwell",3300,"BAL@MIN 10/22/2017 01:00PM ET",2.883,"MIN"
"WR","Brandon LaFell",3300,"CIN@PIT 10/22/2017 04:25PM ET",5.160,"CIN"
"RB","Rod Smith",3300,"DAL@SF 10/22/2017 04:05PM ET",0.720,"DAL"
"WR","Travis Benjamin",3300,"DEN@LAC 10/22/2017 04:25PM ET",7.350,"LAC"
"WR","Bennie Fowler",3300,"DEN@LAC 10/22/2017 04:25PM ET",7.800,"DEN"
"WR","Tavarres King",3300,"SEA@NYG 10/22/2017 04:25PM ET",1.700,"NYG"
"RB","J.D. McKissic",3300,"SEA@NYG 10/22/2017 04:25PM ET",13.050,"SEA"
"RB","Paul Perkins",3300,"SEA@NYG 10/22/2017 04:25PM ET",4.150,"NYG"
"WR","Ed Eagan",3300,"SEA@NYG 10/22/2017 04:25PM ET",0.000,"NYG"
"WR","Travis Rudolph",3300,"SEA@NYG 10/22/2017 04:25PM ET",0.000,"NYG"
"TE","Zach Miller",3200,"CAR@CHI 10/22/2017 01:00PM ET",8.450,"CHI"
"WR","Markus Wheaton",3200,"CAR@CHI 10/22/2017 01:00PM ET",0.633,"CHI"
"WR","Rashard Higgins",3200,"TEN@CLE 10/22/2017 01:00PM ET",4.980,"CLE"
"WR","Jaelen Strong",3200,"JAX@IND 10/22/2017 01:00PM ET",0.000,"JAX"
"RB","Kerwynn Williams",3200,"ARI@LAR 10/22/2017 01:00PM ET",2.300,"ARI"
"WR","Michael Floyd",3200,"BAL@MIN 10/22/2017 01:00PM ET",2.200,"MIN"
"DST","Steelers ",3200,"CIN@PIT 10/22/2017 04:25PM ET",10.000,"PIT"
"WR","John Ross",3200,"CIN@PIT 10/22/2017 04:25PM ET",0.200,"CIN"
"WR","Trent Taylor",3200,"DAL@SF 10/22/2017 04:05PM ET",5.167,"SF"
"WR","Nick Williams",3200,"ATL@NE 10/22/2017 08:30PM ET",6.000,"ATL"
"TE","Nick O'Leary",3100,"TB@BUF 10/22/2017 01:00PM ET",3.540,"BUF"
"WR","Tavon Austin",3100,"ARI@LAR 10/22/2017 01:00PM ET",3.617,"LAR"
"DST","Dolphins ",3100,"NYJ@MIA 10/22/2017 01:00PM ET",6.800,"MIA"
"WR","Jakeem Grant",3100,"NYJ@MIA 10/22/2017 01:00PM ET",0.900,"MIA"
"WR","Tyler Boyd",3100,"CIN@PIT 10/22/2017 04:25PM ET",2.575,"CIN"
"RB","Taiwan Jones",3000,"TB@BUF 10/22/2017 01:00PM ET",0.000,"BUF"
"RB","Joe Banyard",3000,"TB@BUF 10/22/2017 01:00PM ET",0.000,"BUF"
"RB","Patrick DiMarco",3000,"TB@BUF 10/22/2017 01:00PM ET",0.260,"BUF"
"WR","Walter Powell",3000,"TB@BUF 10/22/2017 01:00PM ET",0,"BUF"
"WR","Kaelin Clay",3000,"TB@BUF 10/22/2017 01:00PM ET",0.950,"BUF"
"WR","Bernard Reedy",3000,"TB@BUF 10/22/2017 01:00PM ET",0.460,"TB"
"RB","Peyton Barber",3000,"TB@BUF 10/22/2017 01:00PM ET",0.980,"TB"
"WR","Chris Godwin",3000,"TB@BUF 10/22/2017 01:00PM ET",2.220,"TB"
"RB","Fozzy Whittaker",3000,"CAR@CHI 10/22/2017 01:00PM ET",2.233,"CAR"
"RB","Benny Cunningham",3000,"CAR@CHI 10/22/2017 01:00PM ET",4.120,"CHI"
"WR","Josh Bellamy",3000,"CAR@CHI 10/22/2017 01:00PM ET",3.567,"CHI"
"RB","Michael Burton",3000,"CAR@CHI 10/22/2017 01:00PM ET",0.417,"CHI"
"WR","Tre McBride",3000,"CAR@CHI 10/22/2017 01:00PM ET",0.933,"CHI"
"WR","Damiere Byrd",3000,"CAR@CHI 10/22/2017 01:00PM ET",0.300,"CAR"
"RB","Cameron Artis-Payne",3000,"CAR@CHI 10/22/2017 01:00PM ET",0.000,"CAR"
"WR","Tanner Gentry",3000,"CAR@CHI 10/22/2017 01:00PM ET",2.350,"CHI"
"RB","Taquan Mizzell",3000,"CAR@CHI 10/22/2017 01:00PM ET",0,"CHI"
"RB","Alex Armah",3000,"CAR@CHI 10/22/2017 01:00PM ET",0.000,"CAR"
"WR","Eric Weems",3000,"TEN@CLE 10/22/2017 01:00PM ET",0.000,"TEN"
"WR","James Wright",3000,"TEN@CLE 10/22/2017 01:00PM ET",0,"CLE"
"RB","Jalston Fowler",3000,"TEN@CLE 10/22/2017 01:00PM ET",1.050,"TEN"
"RB","David Fluellen",3000,"TEN@CLE 10/22/2017 01:00PM ET",0.350,"TEN"
"WR","Sammie Coates",3000,"TEN@CLE 10/22/2017 01:00PM ET",0.525,"CLE"
"WR","Darius Jennings",3000,"TEN@CLE 10/22/2017 01:00PM ET",0,"TEN"
"WR","Bryce Treggs",3000,"TEN@CLE 10/22/2017 01:00PM ET",3.900,"CLE"
"RB","Danny Vitale",3000,"TEN@CLE 10/22/2017 01:00PM ET",0.283,"CLE"
"RB","Matthew Dayes",3000,"TEN@CLE 10/22/2017 01:00PM ET",0.633,"CLE"
"DST","Saints ",3000,"NO@GB 10/22/2017 01:00PM ET",12.000,"NO"
"TE","Coby Fleener",3000,"NO@GB 10/22/2017 01:00PM ET",7.180,"NO"
"RB","Zach Line",3000,"NO@GB 10/22/2017 01:00PM ET",0.000,"NO"
"RB","Aaron Ripkowski",3000,"NO@GB 10/22/2017 01:00PM ET",0.733,"GB"
"WR","Tommylee Lewis",3000,"NO@GB 10/22/2017 01:00PM ET",4.050,"NO"
"WR","Trevor Davis",3000,"NO@GB 10/22/2017 01:00PM ET",0.317,"GB"
"RB","Trey Edmunds",3000,"NO@GB 10/22/2017 01:00PM ET",0.000,"NO"
"WR","Austin Carr",3000,"NO@GB 10/22/2017 01:00PM ET",0.000,"NO"
"RB","Devante Mays",3000,"NO@GB 10/22/2017 01:00PM ET",0.000,"GB"
"WR","Arrelious Benn",3000,"JAX@IND 10/22/2017 01:00PM ET",0.367,"JAX"
"WR","Kamar Aiken",3000,"JAX@IND 10/22/2017 01:00PM ET",3.167,"IND"
"RB","George Winn",3000,"JAX@IND 10/22/2017 01:00PM ET",0,"IND"
"RB","Tommy Bohanon",3000,"JAX@IND 10/22/2017 01:00PM ET",2.050,"JAX"
"WR","Quan Bray",3000,"JAX@IND 10/22/2017 01:00PM ET",0.533,"IND"
"WR","Max McCaffrey",3000,"JAX@IND 10/22/2017 01:00PM ET",0.280,"JAX"
"RB","Matt Jones",3000,"JAX@IND 10/22/2017 01:00PM ET",0.700,"IND"
"WR","Chester Rogers",3000,"JAX@IND 10/22/2017 01:00PM ET",0.000,"IND"
"WR","Keelan Cole",3000,"JAX@IND 10/22/2017 01:00PM ET",1.783,"JAX"
"WR","Dede Westbrook",3000,"JAX@IND 10/22/2017 01:00PM ET",0,"JAX"
"RB","Lance Dunbar",3000,"ARI@LAR 10/22/2017 01:00PM ET",0,"LAR"
"RB","Elijhaa Penny",3000,"ARI@LAR 10/22/2017 01:00PM ET",0.283,"ARI"
"WR","Brittan Golden",3000,"ARI@LAR 10/22/2017 01:00PM ET",1.167,"ARI"
"RB","D.J. Foster",3000,"ARI@LAR 10/22/2017 01:00PM ET",0,"ARI"
"RB","Justin Davis",3000,"ARI@LAR 10/22/2017 01:00PM ET",0.050,"LAR"
"RB","T.J. Logan",3000,"ARI@LAR 10/22/2017 01:00PM ET",0,"ARI"
"WR","Pharoh Cooper",3000,"ARI@LAR 10/22/2017 01:00PM ET",1.767,"LAR"
"WR","Chad Williams",3000,"ARI@LAR 10/22/2017 01:00PM ET",2.150,"ARI"
"WR","Josh Reynolds",3000,"ARI@LAR 10/22/2017 01:00PM ET",0.633,"LAR"
"WR","Michael Thomas",3000,"ARI@LAR 10/22/2017 01:00PM ET",0.000,"LAR"
"DST","Jets ",3000,"NYJ@MIA 10/22/2017 01:00PM ET",5.000,"NYJ"
"RB","Travaris Cadet",3000,"NYJ@MIA 10/22/2017 01:00PM ET",1.967,"NYJ"
"RB","Senorise Perry",3000,"NYJ@MIA 10/22/2017 01:00PM ET",0.000,"MIA"
"WR","Rashawn Scott",3000,"NYJ@MIA 10/22/2017 01:00PM ET",0,"MIA"
"RB","Lawrence Thomas",3000,"NYJ@MIA 10/22/2017 01:00PM ET",0.800,"NYJ"
"WR","Leonte Carroo",3000,"NYJ@MIA 10/22/2017 01:00PM ET",0.000,"MIA"
"WR","Jalin Marshall",3000,"NYJ@MIA 10/22/2017 01:00PM ET",0,"NYJ"
"WR","Lucky Whitehead",3000,"NYJ@MIA 10/22/2017 01:00PM ET",0,"NYJ"
"WR","ArDarius Stewart",3000,"NYJ@MIA 10/22/2017 01:00PM ET",1.567,"NYJ"
"WR","Chad Hansen",3000,"NYJ@MIA 10/22/2017 01:00PM ET",0.000,"NYJ"
"WR","Isaiah Ford",3000,"NYJ@MIA 10/22/2017 01:00PM ET",0,"MIA"
"TE","Benjamin Watson",3000,"BAL@MIN 10/22/2017 01:00PM ET",7.933,"BAL"
"RB","Bobby Rainey",3000,"BAL@MIN 10/22/2017 01:00PM ET",9.100,"BAL"
"WR","Jarius Wright",3000,"BAL@MIN 10/22/2017 01:00PM ET",2.317,"MIN"
"WR","Chris Matthews",3000,"BAL@MIN 10/22/2017 01:00PM ET",0.917,"BAL"
"WR","Chris Moore",3000,"BAL@MIN 10/22/2017 01:00PM ET",2.467,"BAL"
"WR","Breshad Perriman",3000,"BAL@MIN 10/22/2017 01:00PM ET",1.100,"BAL"
"WR","Stacy Coley",3000,"BAL@MIN 10/22/2017 01:00PM ET",0.000,"MIN"
"WR","Rodney Adams",3000,"BAL@MIN 10/22/2017 01:00PM ET",0,"MIN"
"RB","C.J. Ham",3000,"BAL@MIN 10/22/2017 01:00PM ET",1.733,"MIN"
"WR","Darrius Heyward-Bey",3000,"CIN@PIT 10/22/2017 04:25PM ET",0.050,"PIT"
"WR","Justin Hunter",3000,"CIN@PIT 10/22/2017 04:25PM ET",1.550,"PIT"
"RB","Roosevelt Nix",3000,"CIN@PIT 10/22/2017 04:25PM ET",0.000,"PIT"
"TE","Tyler Kroft",3000,"CIN@PIT 10/22/2017 04:25PM ET",7.980,"CIN"
"WR","Eli Rogers",3000,"CIN@PIT 10/22/2017 04:25PM ET",2.600,"PIT"
"RB","Tra Carson",3000,"CIN@PIT 10/22/2017 04:25PM ET",0,"CIN"
"RB","Terrell Watson",3000,"CIN@PIT 10/22/2017 04:25PM ET",0.133,"PIT"
"WR","Alex Erickson",3000,"CIN@PIT 10/22/2017 04:25PM ET",2.400,"CIN"
"WR","Cody Core",3000,"CIN@PIT 10/22/2017 04:25PM ET",0.000,"CIN"
"WR","Josh Malone",3000,"CIN@PIT 10/22/2017 04:25PM ET",0,"CIN"
"RB","Kyle Juszczyk",3000,"DAL@SF 10/22/2017 04:05PM ET",4.620,"SF"
"RB","Keith Smith",3000,"DAL@SF 10/22/2017 04:05PM ET",0.600,"DAL"
"RB","Raheem Mostert",3000,"DAL@SF 10/22/2017 04:05PM ET",0.333,"SF"
"WR","Ryan Switzer",3000,"DAL@SF 10/22/2017 04:05PM ET",-0.080,"DAL"
"WR","Victor Bolden Jr.",3000,"DAL@SF 10/22/2017 04:05PM ET",0.000,"SF"
"WR","Kendrick Bourne",3000,"DAL@SF 10/22/2017 04:05PM ET",0.000,"SF"
"WR","Noah Brown",3000,"DAL@SF 10/22/2017 04:05PM ET",0.767,"DAL"
"WR","Dontrelle Inman",3000,"DEN@LAC 10/22/2017 04:25PM ET",0.725,"LAC"
"WR","Jordan Taylor",3000,"DEN@LAC 10/22/2017 04:25PM ET",2.800,"DEN"
"RB","Andre Williams",3000,"DEN@LAC 10/22/2017 04:25PM ET",0.000,"LAC"
"RB","Derek Watt",3000,"DEN@LAC 10/22/2017 04:25PM ET",0.000,"LAC"
"WR","Cody Latimer",3000,"DEN@LAC 10/22/2017 04:25PM ET",1.400,"DEN"
"RB","Andy Janovich",3000,"DEN@LAC 10/22/2017 04:25PM ET",0.040,"DEN"
"WR","Isaiah McKenzie",3000,"DEN@LAC 10/22/2017 04:25PM ET",0.280,"DEN"
"RB","Tre Madden",3000,"SEA@NYG 10/22/2017 04:25PM ET",0.000,"SEA"
"WR","Tanner McEvoy",3000,"SEA@NYG 10/22/2017 04:25PM ET",-0.200,"SEA"
"WR","Amara Darboh",3000,"SEA@NYG 10/22/2017 04:25PM ET",1.120,"SEA"
"WR","Matthew Slater",3000,"ATL@NE 10/22/2017 08:30PM ET",0.000,"NE"
"RB","James Develin",3000,"ATL@NE 10/22/2017 08:30PM ET",0.833,"NE"
"RB","Derrick Coleman",3000,"ATL@NE 10/22/2017 08:30PM ET",0.420,"ATL"
"RB","Brandon Bolden",3000,"ATL@NE 10/22/2017 08:30PM ET",0.000,"NE"
"RB","Terron Ward",3000,"ATL@NE 10/22/2017 08:30PM ET",0.000,"ATL"
"WR","Brian Quick",3000,"WAS@PHI 10/23/2017 08:30PM ET",0.525,"WAS"
"RB","Mack Brown",3000,"WAS@PHI 10/23/2017 08:30PM ET",2.500,"WAS"
"WR","Marcus Johnson",3000,"WAS@PHI 10/23/2017 08:30PM ET",0.840,"PHI"
"WR","Mack Hollins",3000,"WAS@PHI 10/23/2017 08:30PM ET",2.000,"PHI"
"WR","Shelton Gibson",3000,"WAS@PHI 10/23/2017 08:30PM ET",0,"PHI"
"TE","David Njoku",2900,"TEN@CLE 10/22/2017 01:00PM ET",7.317,"CLE"
"DST","Ravens ",2900,"BAL@MIN 10/22/2017 01:00PM ET",12.167,"BAL"
"TE","Jesse James",2900,"CIN@PIT 10/22/2017 04:25PM ET",7.517,"PIT"
"DST","Colts ",2800,"JAX@IND 10/22/2017 01:00PM ET",5.833,"IND"
"TE","Antonio Gates",2800,"DEN@LAC 10/22/2017 04:25PM ET",4.917,"LAC"
"TE","A.J. Derby",2800,"DEN@LAC 10/22/2017 04:25PM ET",5.480,"DEN"
"DST","Eagles ",2800,"WAS@PHI 10/23/2017 08:30PM ET",8.667,"PHI"
"DST","Buccaneers ",2700,"TB@BUF 10/22/2017 01:00PM ET",6.800,"TB"
"TE","Tyler Higbee",2700,"ARI@LAR 10/22/2017 01:00PM ET",4.600,"LAR"
"TE","Dwayne Allen",2700,"ATL@NE 10/22/2017 08:30PM ET",0.000,"NE"
"TE","Logan Thomas",2600,"TB@BUF 10/22/2017 01:00PM ET",0.260,"BUF"
"TE","O.J. Howard",2600,"TB@BUF 10/22/2017 01:00PM ET",4.340,"TB"
"TE","Dion Sims",2600,"CAR@CHI 10/22/2017 01:00PM ET",3.633,"CHI"
"TE","Seth DeValve",2600,"TEN@CLE 10/22/2017 01:00PM ET",6.117,"CLE"
"TE","Jonnu Smith",2600,"TEN@CLE 10/22/2017 01:00PM ET",4.917,"TEN"
"TE","Marcedes Lewis",2600,"JAX@IND 10/22/2017 01:00PM ET",5.100,"JAX"
"DST","Rams ",2600,"ARI@LAR 10/22/2017 01:00PM ET",11.500,"LAR"
"TE","Jermaine Gresham",2600,"ARI@LAR 10/22/2017 01:00PM ET",5.240,"ARI"
"TE","Gerald Everett",2600,"ARI@LAR 10/22/2017 01:00PM ET",4.733,"LAR"
"TE","Julius Thomas",2600,"NYJ@MIA 10/22/2017 01:00PM ET",4.560,"MIA"
"TE","Vance McDonald",2600,"CIN@PIT 10/22/2017 04:25PM ET",0.720,"PIT"
"DST","Giants ",2600,"SEA@NYG 10/22/2017 04:25PM ET",6.500,"NYG"
"TE","Luke Willson",2600,"SEA@NYG 10/22/2017 04:25PM ET",5.480,"SEA"
"TE","Luke Stocker",2500,"TB@BUF 10/22/2017 01:00PM ET",0.300,"TB"
"TE","Khari Lee",2500,"TB@BUF 10/22/2017 01:00PM ET",0,"BUF"
"TE","Antony Auclair",2500,"TB@BUF 10/22/2017 01:00PM ET",0.000,"TB"
"TE","Andrew DePaola",2500,"CAR@CHI 10/22/2017 01:00PM ET",0.000,"CHI"
"TE","Daniel Brown",2500,"CAR@CHI 10/22/2017 01:00PM ET",0.000,"CHI"
"TE","Chris Manhertz",2500,"CAR@CHI 10/22/2017 01:00PM ET",0.000,"CAR"
"TE","Adam Shaheen",2500,"CAR@CHI 10/22/2017 01:00PM ET",1.200,"CHI"
"TE","Beau Brinkley",2500,"TEN@CLE 10/22/2017 01:00PM ET",0.000,"TEN"
"TE","Randall Telfer",2500,"TEN@CLE 10/22/2017 01:00PM ET",0.733,"CLE"
"TE","Phillip Supernaw",2500,"TEN@CLE 10/22/2017 01:00PM ET",1.817,"TEN"
"TE","Lance Kendricks",2500,"NO@GB 10/22/2017 01:00PM ET",3.567,"GB"
"TE","Michael Hoomanawanui",2500,"NO@GB 10/22/2017 01:00PM ET",2.960,"NO"
"TE","Josh Hill",2500,"NO@GB 10/22/2017 01:00PM ET",1.440,"NO"
"TE","Richard Rodgers",2500,"NO@GB 10/22/2017 01:00PM ET",1.133,"GB"
"TE","Brandon Williams",2500,"JAX@IND 10/22/2017 01:00PM ET",2.267,"IND"
"TE","Erik Swoope",2500,"JAX@IND 10/22/2017 01:00PM ET",0,"IND"
"TE","James O'Shaughnessy",2500,"JAX@IND 10/22/2017 01:00PM ET",1.350,"JAX"
"TE","Ben Koyack",2500,"JAX@IND 10/22/2017 01:00PM ET",0.517,"JAX"
"TE","Henry Krieger-Coble",2500,"JAX@IND 10/22/2017 01:00PM ET",0.000,"IND"
"TE","Darrell Daniels",2500,"JAX@IND 10/22/2017 01:00PM ET",0.650,"IND"
"TE","Ifeanyi Momah",2500,"ARI@LAR 10/22/2017 01:00PM ET",0.933,"ARI"
"TE","Troy Niklas",2500,"ARI@LAR 10/22/2017 01:00PM ET",2.433,"ARI"
"TE","Derek Carrier",2500,"ARI@LAR 10/22/2017 01:00PM ET",1.133,"LAR"
"TE","Ricky Seals-Jones",2500,"ARI@LAR 10/22/2017 01:00PM ET",0.000,"ARI"
"TE","Anthony Fasano",2500,"NYJ@MIA 10/22/2017 01:00PM ET",0.000,"MIA"
"TE","MarQueis Gray",2500,"NYJ@MIA 10/22/2017 01:00PM ET",0.000,"MIA"
"TE","Eric Tomlinson",2500,"NYJ@MIA 10/22/2017 01:00PM ET",2.225,"NYJ"
"TE","Jordan Leggett",2500,"NYJ@MIA 10/22/2017 01:00PM ET",0.000,"NYJ"
"TE","Kevin McDermott",2500,"BAL@MIN 10/22/2017 01:00PM ET",0.000,"MIN"
"TE","Blake Bell",2500,"BAL@MIN 10/22/2017 01:00PM ET",0.367,"MIN"
"TE","Nick Boyle",2500,"BAL@MIN 10/22/2017 01:00PM ET",3.950,"BAL"
"TE","David Morgan",2500,"BAL@MIN 10/22/2017 01:00PM ET",0.000,"MIN"
"TE","Maxx Williams",2500,"BAL@MIN 10/22/2017 01:00PM ET",2.800,"BAL"
"TE","Vince Mayle",2500,"BAL@MIN 10/22/2017 01:00PM ET",1.033,"BAL"
"DST","Bengals ",2500,"CIN@PIT 10/22/2017 04:25PM ET",8.400,"CIN"
"TE","Clark Harris",2500,"CIN@PIT 10/22/2017 04:25PM ET",0.000,"CIN"
"TE","Ryan Hewitt",2500,"CIN@PIT 10/22/2017 04:25PM ET",0.650,"CIN"
"TE","Xavier Grimble",2500,"CIN@PIT 10/22/2017 04:25PM ET",0.000,"PIT"
"TE","C.J. Uzomah",2500,"CIN@PIT 10/22/2017 04:25PM ET",1.733,"CIN"
"TE","Cethan Carter",2500,"CIN@PIT 10/22/2017 04:25PM ET",0.000,"CIN"
"TE","Logan Paulsen",2500,"DAL@SF 10/22/2017 04:05PM ET",0.000,"SF"
"TE","Kyle Nelson",2500,"DAL@SF 10/22/2017 04:05PM ET",0.000,"SF"
"TE","Garrett Celek",2500,"DAL@SF 10/22/2017 04:05PM ET",2.100,"SF"
"TE","James Hanna",2500,"DAL@SF 10/22/2017 04:05PM ET",1.960,"DAL"
"TE","Rico Gathers",2500,"DAL@SF 10/22/2017 04:05PM ET",0,"DAL"
"TE","Cole Hikutini",2500,"DAL@SF 10/22/2017 04:05PM ET",0.000,"SF"
"TE","Geoff Swaim",2500,"DAL@SF 10/22/2017 04:05PM ET",0.000,"DAL"
"TE","Virgil Green",2500,"DEN@LAC 10/22/2017 04:25PM ET",4.540,"DEN"
"TE","Sean McGrath",2500,"DEN@LAC 10/22/2017 04:25PM ET",0.400,"LAC"
"TE","Jeff Heuerman",2500,"DEN@LAC 10/22/2017 04:25PM ET",3.180,"DEN"
"TE","Sean Culkin",2500,"DEN@LAC 10/22/2017 04:25PM ET",0.000,"LAC"
"TE","Jake Butt",2500,"DEN@LAC 10/22/2017 04:25PM ET",0,"DEN"
"TE","Rhett Ellison",2500,"SEA@NYG 10/22/2017 04:25PM ET",2.833,"NYG"
"TE","Tyler Ott",2500,"SEA@NYG 10/22/2017 04:25PM ET",0.000,"SEA"
"TE","Matt LaCosse",2500,"SEA@NYG 10/22/2017 04:25PM ET",0.000,"NYG"
"TE","Nick Vannett",2500,"SEA@NYG 10/22/2017 04:25PM ET",0.860,"SEA"
"TE","Jerell Adams",2500,"SEA@NYG 10/22/2017 04:25PM ET",1.417,"NYG"
"TE","Levine Toilolo",2500,"ATL@NE 10/22/2017 08:30PM ET",1.020,"ATL"
"TE","Eric Saubert",2500,"ATL@NE 10/22/2017 08:30PM ET",0.000,"ATL"
"TE","Jacob Hollister",2500,"ATL@NE 10/22/2017 08:30PM ET",0.880,"NE"
"TE","Brent Celek",2500,"WAS@PHI 10/23/2017 08:30PM ET",0.600,"PHI"
"TE","Niles Paul",2500,"WAS@PHI 10/23/2017 08:30PM ET",0.120,"WAS"
"TE","Trey Burton",2500,"WAS@PHI 10/23/2017 08:30PM ET",2.700,"PHI"
"TE","Jeremy Sprinkle",2500,"WAS@PHI 10/23/2017 08:30PM ET",0.000,"WAS"
"DST","Cardinals ",2400,"ARI@LAR 10/22/2017 01:00PM ET",5.167,"ARI"
"DST","Chargers ",2400,"DEN@LAC 10/22/2017 04:25PM ET",5.500,"LAC"
"DST","Redskins ",2400,"WAS@PHI 10/23/2017 08:30PM ET",8.400,"WAS"
"DST","Browns ",2300,"TEN@CLE 10/22/2017 01:00PM ET",5.333,"CLE"
"DST","Packers ",2300,"NO@GB 10/22/2017 01:00PM ET",7.167,"GB"
"DST","Patriots ",2300,"ATL@NE 10/22/2017 08:30PM ET",4.667,"NE"
"DST","Bears ",2200,"CAR@CHI 10/22/2017 01:00PM ET",6.000,"CHI"
"DST","49ers ",2100,"DAL@SF 10/22/2017 04:05PM ET",5.167,"SF"
"DST","Falcons ",2100,"ATL@NE 10/22/2017 08:30PM ET",5.600,"ATL"
