,Position,Player,Salary,Opponent,AvgPointsPerGame,Team,PlayerID
0,RB,Le'Veon Bell,9600,PIT@KC 04:25PM ET,19.9,PIT,00-0030496
1,WR,Antonio Brown,9300,PIT@KC 04:25PM ET,21.9,PIT,00-0027793
2,WR,Julio Jones,8300,MIA@ATL 01:00PM ET,12.875,ATL,00-0027944
3,QB,Tom Brady,8300,NE@NYJ 01:00PM ET,25.055999999999997,NE,00-0019596
4,RB,Kareem Hunt,8200,PIT@KC 04:25PM ET,28.1,KC,00-0033923
5,WR,DeAndre Hopkins,8100,CLE@HOU 01:00PM ET,20.86,HOU,00-0030564
6,RB,Leonard Fournette,8000,LAR@JAX 04:05PM ET,22.88,JAX,00-0033856
7,WR,Keenan Allen,7900,LAC@OAK 04:25PM ET,16.02,LAC,00-0030279
8,RB,Melvin Gordon,7800,LAC@OAK 04:25PM ET,18.96,LAC,00-0032144
9,RB,Todd Gurley II,7700,LAR@JAX 04:05PM ET,26.52,LA,00-0032241
10,WR,Brandin Cooks,7600,NE@NYJ 01:00PM ET,14.78,NE,00-0031236
11,WR,Stefon Diggs,7500,GB@MIN 01:00PM ET,17.86,MIN,00-0031588
12,RB,Devonta Freeman,7400,MIA@ATL 01:00PM ET,19.375,ATL,00-0031285
13,QB,Aaron Rodgers,7300,GB@MIN 01:00PM ET,23.996,GB,00-0023459
14,WR,Michael Thomas,7300,DET@NO 01:00PM ET,17.0,NO,00-0032765
15,QB,Drew Brees,7200,DET@NO 01:00PM ET,20.175,NO,00-0020531
16,WR,Jordy Nelson,7100,GB@MIN 01:00PM ET,15.6,GB,00-0026176
17,QB,Matt Ryan,7000,MIA@ATL 01:00PM ET,15.99,ATL,00-0026143
18,WR,Chris Hogan,7000,NE@NYJ 01:00PM ET,16.7,NE,00-0028237
19,WR,Mike Evans,6900,TB@ARI 04:05PM ET,15.9,TB,00-0031408
20,WR,Golden Tate,6800,DET@NO 01:00PM ET,13.12,DET,00-0027891
21,TE,Rob Gronkowski,6800,NE@NYJ 01:00PM ET,16.7,NE,00-0027656
22,QB,Kirk Cousins,6800,SF@WAS 01:00PM ET,18.965,WAS,00-0029604
23,WR,Larry Fitzgerald,6800,TB@ARI 04:05PM ET,15.94,ARI,00-0022921
24,QB,Deshaun Watson,6700,CLE@HOU 01:00PM ET,24.156,HOU,00-0033537
25,RB,Ty Montgomery,6700,GB@MIN 01:00PM ET,16.025,GB,00-0032200
26,WR,T.Y. Hilton,6700,IND@TEN 08:30PM ET,16.32,IND,00-0029608
27,WR,Jarvis Landry,6600,MIA@ATL 01:00PM ET,14.075,MIA,00-0031382
28,QB,Philip Rivers,6600,LAC@OAK 04:25PM ET,18.22,LAC,00-0022942
29,RB,C.J. Anderson,6600,NYG@DEN 08:30PM ET,16.175,DEN,00-0029854
30,QB,Matthew Stafford,6500,DET@NO 01:00PM ET,16.988,DET,00-0026498
31,RB,David Johnson,6500,TB@ARI 04:05PM ET,14.1,ARI,00-0032187
32,WR,Odell Beckham Jr.,6500,NYG@DEN 08:30PM ET,18.5,NYG,00-0031235
33,QB,Alex Smith,6400,PIT@KC 04:25PM ET,24.488000000000003,KC,00-0023436
34,WR,Tyreek Hill,6400,PIT@KC 04:25PM ET,16.8,KC,00-0033040
35,WR,Pierre Garcon,6300,SF@WAS 01:00PM ET,13.78,SF,00-0026345
36,QB,Marcus Mariota,6300,IND@TEN 08:30PM ET,17.57,TEN,00-0032268
37,WR,DeVante Parker,6200,MIA@ATL 01:00PM ET,12.15,MIA,00-0031547
38,RB,Carlos Hyde,6200,SF@WAS 01:00PM ET,15.14,SF,00-0031045
39,QB,Jameis Winston,6200,TB@ARI 04:05PM ET,21.23,TB,00-0031503
40,QB,Carson Palmer,6100,TB@ARI 04:05PM ET,18.512,ARI,00-0021429
41,TE,Travis Kelce,6100,PIT@KC 04:25PM ET,16.6,KC,00-0030506
42,WR,Emmanuel Sanders,6100,NYG@DEN 08:30PM ET,12.75,DEN,00-0027685
43,QB,Sam Bradford,6000,GB@MIN 01:00PM ET,14.99,MIN,00-0027854
44,WR,Adam Thielen,6000,GB@MIN 01:00PM ET,14.06,MIN,00-0030035
45,RB,Bilal Powell,6000,NE@NYJ 01:00PM ET,11.84,NYJ,00-0028064
46,WR,Demaryius Thomas,6000,NYG@DEN 08:30PM ET,10.675,DEN,00-0027874
47,RB,Jordan Howard,5900,CHI@BAL 01:00PM ET,14.72,CHI,00-0032780
48,WR,Randall Cobb,5900,GB@MIN 01:00PM ET,12.95,GB,00-0028002
49,QB,Derek Carr,5900,LAC@OAK 04:25PM ET,14.205,OAK,00-0031280
50,WR,DeSean Jackson,5800,TB@ARI 04:05PM ET,11.975,TB,00-0026189
51,RB,Doug Martin,5800,TB@ARI 04:05PM ET,15.2,TB,00-0029613
52,WR,Michael Crabtree,5800,LAC@OAK 04:25PM ET,17.05,OAK,00-0026986
53,QB,Jacoby Brissett,5800,IND@TEN 08:30PM ET,14.636,IND,00-0033119
54,RB,Jay Ajayi,5700,MIA@ATL 01:00PM ET,9.35,MIA,00-0031590
55,WR,Davante Adams,5700,GB@MIN 01:00PM ET,15.1,GB,00-0031381
56,WR,Terrelle Pryor Sr.,5700,SF@WAS 01:00PM ET,9.4,WAS,00-0028825
57,QB,Ben Roethlisberger,5700,PIT@KC 04:25PM ET,13.872,PIT,00-0022924
58,QB,Andrew Luck,5700,IND@TEN 08:30PM ET,0.0,IND,00-0029668
59,RB,Aaron Jones,5600,GB@MIN 01:00PM ET,8.575,GB,00-0033293
60,WR,Danny Amendola,5600,NE@NYJ 01:00PM ET,14.675,NE,00-0026035
61,RB,Mike Gillislee,5500,NE@NYJ 01:00PM ET,9.72,NE,00-0030433
62,QB,Jimmy Garoppolo,5500,NE@NYJ 01:00PM ET,0.0,NE,00-0031345
63,QB,Trevor Siemian,5500,NYG@DEN 08:30PM ET,17.28,DEN,00-0032156
64,QB,Joe Flacco,5400,CHI@BAL 01:00PM ET,8.484,BAL,00-0026158
65,RB,Javorius Allen,5400,CHI@BAL 01:00PM ET,12.98,BAL,00-0031577
66,RB,Lamar Miller,5400,CLE@HOU 01:00PM ET,14.12,HOU,00-0029615
67,WR,Tyrell Williams,5400,LAC@OAK 04:25PM ET,10.4,LAC,00-0032160
68,WR,Rishard Matthews,5400,IND@TEN 08:30PM ET,10.82,TEN,00-0029580
69,RB,Andre Ellington,5300,TB@ARI 04:05PM ET,11.72,ARI,00-0030287
70,WR,Will Fuller V,5200,CLE@HOU 01:00PM ET,20.05,HOU,00-0033127
71,QB,Josh McCown,5200,NE@NYJ 01:00PM ET,12.86,NYJ,00-0021206
72,RB,James White,5200,NE@NYJ 01:00PM ET,11.92,NE,00-0031062
73,RB,DeMarco Murray,5200,IND@TEN 08:30PM ET,9.84,TEN,00-0028009
74,RB,Tarik Cohen,5100,CHI@BAL 01:00PM ET,12.834000000000001,CHI,00-0033556
75,RB,Duke Johnson Jr.,5100,CLE@HOU 01:00PM ET,15.14,CLE,00-0032257
76,QB,Brian Hoyer,5100,SF@WAS 01:00PM ET,14.427999999999999,SF,00-0026625
77,WR,Sterling Shepard,5100,NYG@DEN 08:30PM ET,11.72,NYG,00-0032385
78,RB,Tevin Coleman,5000,MIA@ATL 01:00PM ET,13.15,ATL,00-0032058
79,QB,Mitchell Trubisky,5000,CHI@BAL 01:00PM ET,5.66,CHI,00-0033869
80,QB,Case Keenum,5000,GB@MIN 01:00PM ET,14.7,MIN,00-0028986
81,TE,Jordan Reed,5000,SF@WAS 01:00PM ET,8.167,WAS,00-0030472
82,RB,Chris Thompson,5000,SF@WAS 01:00PM ET,19.425,WAS,00-0030404
83,QB,Jared Goff,5000,LAR@JAX 04:05PM ET,16.78,LA,00-0033106
84,RB,Marshawn Lynch,5000,LAC@OAK 04:25PM ET,7.84,OAK,00-0025399
85,WR,Amari Cooper,5000,LAC@OAK 04:25PM ET,6.16,OAK,00-0031544
86,RB,Derrick Henry,5000,IND@TEN 08:30PM ET,5.34,TEN,00-0032764
87,QB,Jay Cutler,4900,MIA@ATL 01:00PM ET,9.835,MIA,00-0024226
88,RB,Ameer Abdullah,4900,DET@NO 01:00PM ET,10.32,DET,00-0032104
89,WR,Jaron Brown,4900,TB@ARI 04:05PM ET,10.08,ARI,00-0030300
90,WR,Mohamed Sanu,4800,MIA@ATL 01:00PM ET,9.675,ATL,00-0029632
91,WR,Corey Coleman,4800,CLE@HOU 01:00PM ET,9.1,CLE,00-0032966
92,WR,Jermaine Kearse,4800,NE@NYJ 01:00PM ET,12.4,NYJ,00-0029159
93,RB,Rob Kelley,4800,SF@WAS 01:00PM ET,4.367,WAS,00-0032371
94,QB,EJ Manuel,4800,LAC@OAK 04:25PM ET,7.55,OAK,00-0030526
95,QB,Eli Manning,4800,NYG@DEN 08:30PM ET,18.124000000000002,NYG,00-0022803
96,TE,Delanie Walker,4800,IND@TEN 08:30PM ET,10.3,TEN,00-0024389
97,RB,Latavius Murray,4700,GB@MIN 01:00PM ET,2.58,MIN,00-0030513
98,WR,Willie Snead,4700,DET@NO 01:00PM ET,0.0,NO,00-0030663
99,QB,Colt McCoy,4700,SF@WAS 01:00PM ET,0.0,WAS,00-0027688
100,RB,Matt Breida,4700,SF@WAS 01:00PM ET,4.98,SF,00-0033308
101,WR,Martavis Bryant,4700,PIT@KC 04:25PM ET,8.68,PIT,00-0031373
102,QB,Patrick Mahomes II,4700,PIT@KC 04:25PM ET,0.0,KC,00-0033873
103,QB,Matt Cassel,4700,IND@TEN 08:30PM ET,3.24,TEN,00-0023662
104,WR,Taylor Gabriel,4600,MIA@ATL 01:00PM ET,7.4,ATL,00-0031228
105,QB,Kevin Hogan,4600,CLE@HOU 01:00PM ET,9.527000000000001,CLE,00-0032784
106,QB,DeShone Kizer,4600,CLE@HOU 01:00PM ET,11.927999999999999,CLE,00-0033899
107,QB,Chase Daniel,4600,DET@NO 01:00PM ET,0.0,NO,00-0026544
108,WR,Marvin Jones Jr.,4600,DET@NO 01:00PM ET,8.88,DET,00-0029293
109,RB,Elijah McGuire,4600,NE@NYJ 01:00PM ET,6.62,NYJ,00-0033295
110,QB,Blake Bortles,4600,LAR@JAX 04:05PM ET,13.356,JAX,00-0031407
111,QB,Matt Moore,4500,MIA@ATL 01:00PM ET,0.0,MIA,00-0025708
112,RB,Alvin Kamara,4500,DET@NO 01:00PM ET,13.75,NO,00-0033906
113,WR,John Brown,4500,TB@ARI 04:05PM ET,8.833,ARI,00-0031051
114,QB,Landry Jones,4500,PIT@KC 04:25PM ET,0.0,PIT,00-0030524
115,RB,James Conner,4500,PIT@KC 04:25PM ET,1.1,PIT,00-0033553
116,QB,Cardale Jones,4500,LAC@OAK 04:25PM ET,0.0,LAC,00-0033098
117,QB,Geno Smith,4500,NYG@DEN 08:30PM ET,0.0,NYG,00-0030565
118,RB,Frank Gore,4500,IND@TEN 08:30PM ET,10.42,IND,00-0023500
119,WR,Jeremy Maclin,4400,CHI@BAL 01:00PM ET,8.78,BAL,00-0026995
120,QB,Mike Glennon,4400,CHI@BAL 01:00PM ET,11.18,CHI,00-0030520
121,RB,Alex Collins,4400,CHI@BAL 01:00PM ET,6.025,BAL,00-0032426
122,RB,Mark Ingram,4400,DET@NO 01:00PM ET,11.125,NO,00-0027966
123,WR,Robby Anderson,4400,NE@NYJ 01:00PM ET,8.4,NYJ,00-0032688
124,RB,Samaje Perine,4400,SF@WAS 01:00PM ET,3.975,WAS,00-0033526
125,QB,Ryan Fitzpatrick,4400,TB@ARI 04:05PM ET,-0.2,TB,00-0023682
126,WR,J.J. Nelson,4400,TB@ARI 04:05PM ET,12.02,ARI,00-0032112
127,QB,Matt Schaub,4300,MIA@ATL 01:00PM ET,0.0,ATL,00-0022787
128,WR,Mike Wallace,4300,CHI@BAL 01:00PM ET,8.46,BAL,00-0026901
129,QB,Tom Savage,4300,CLE@HOU 01:00PM ET,0.24,HOU,00-0031064
130,RB,Theo Riddick,4300,DET@NO 01:00PM ET,8.12,DET,00-0030107
131,TE,Austin Seferian-Jenkins,4300,NE@NYJ 01:00PM ET,10.533,NYJ,00-0031418
132,QB,Blaine Gabbert,4300,TB@ARI 04:05PM ET,0.0,ARI,00-0027948
133,QB,Chad Henne,4300,LAR@JAX 04:05PM ET,-0.3,JAX,00-0026197
134,WR,Allen Hurns,4300,LAR@JAX 04:05PM ET,10.14,JAX,00-0030821
135,WR,Travis Benjamin,4300,LAC@OAK 04:25PM ET,8.82,LAC,00-0029269
136,QB,Scott Tolzien,4300,IND@TEN 08:30PM ET,3.32,IND,00-0028595
137,WR,Kenny Stills,4200,MIA@ATL 01:00PM ET,6.85,MIA,00-0030085
138,RB,Isaiah Crowell,4200,CLE@HOU 01:00PM ET,6.82,CLE,00-0030656
139,RB,D'Onta Foreman,4200,CLE@HOU 01:00PM ET,4.72,HOU,00-0033925
140,QB,Brett Hundley,4200,GB@MIN 01:00PM ET,0.0,GB,00-0031589
141,RB,Jamaal Williams,4200,GB@MIN 01:00PM ET,1.2,GB,00-0033948
142,QB,Jake Rudock,4200,DET@NO 01:00PM ET,0.0,DET,00-0032431
143,QB,C.J. Beathard,4200,SF@WAS 01:00PM ET,0.0,SF,00-0033936
144,QB,Sean Mannion,4200,LAR@JAX 04:05PM ET,-0.22,LA,00-0032245
145,WR,Marqise Lee,4200,LAR@JAX 04:05PM ET,7.16,JAX,00-0031431
146,WR,Eric Decker,4200,IND@TEN 08:30PM ET,5.96,TEN,00-0027690
147,WR,Corey Davis,4200,IND@TEN 08:30PM ET,7.15,TEN,00-0033871
148,RB,Jerick McKinnon,4100,GB@MIN 01:00PM ET,8.04,MIN,00-0031376
149,WR,Marquise Goodwin,4100,SF@WAS 01:00PM ET,8.26,SF,00-0030068
150,WR,Sammy Watkins,4100,LAR@JAX 04:05PM ET,10.02,LA,00-0031325
151,TE,Hunter Henry,4100,LAC@OAK 04:25PM ET,7.56,LAC,00-0033090
152,RB,Jamaal Charles,4100,NYG@DEN 08:30PM ET,6.9,DEN,00-0026213
153,QB,Brock Osweiler,4100,NYG@DEN 08:30PM ET,0.0,DEN,00-0029682
154,RB,Kenyan Drake,4000,MIA@ATL 01:00PM ET,1.0,MIA,00-0033118
155,QB,Mark Sanchez,4000,CHI@BAL 01:00PM ET,0.0,CHI,00-0026898
156,QB,Ryan Mallett,4000,CHI@BAL 01:00PM ET,5.44,BAL,00-0028012
157,WR,Kendall Wright,4000,CHI@BAL 01:00PM ET,8.8,CHI,00-0029708
158,RB,Terrance West,4000,CHI@BAL 01:00PM ET,5.82,BAL,00-0031375
159,WR,Kenny Britt,4000,CLE@HOU 01:00PM ET,6.525,CLE,00-0027006
160,TE,Ryan Griffin,4000,CLE@HOU 01:00PM ET,6.15,HOU,00-0030108
161,WR,Josh Gordon,4000,CLE@HOU 01:00PM ET,0.0,CLE,00-0029664
162,QB,Cody Kessler,4000,CLE@HOU 01:00PM ET,0.0,CLE,00-0033104
163,QB,Teddy Bridgewater,4000,GB@MIN 01:00PM ET,0.0,MIN,00-0031237
164,QB,Kyle Sloter,4000,GB@MIN 01:00PM ET,0.0,MIN,00-0033672
165,WR,Geronimo Allison,4000,GB@MIN 01:00PM ET,6.65,GB,00-0032626
166,QB,Taysom Hill,4000,DET@NO 01:00PM ET,0.0,NO,00-0033357
167,WR,Kenny Golladay,4000,DET@NO 01:00PM ET,9.732999999999999,DET,00-0033932
168,WR,Jeremy Kerley,4000,NE@NYJ 01:00PM ET,7.55,NYJ,00-0028091
169,QB,Bryce Petty,4000,NE@NYJ 01:00PM ET,0.0,NYJ,00-0031568
170,QB,Christian Hackenberg,4000,NE@NYJ 01:00PM ET,0.0,NYJ,00-0032953
171,WR,Jamison Crowder,4000,SF@WAS 01:00PM ET,5.65,WAS,00-0031941
172,QB,Drew Stanton,4000,TB@ARI 04:05PM ET,0.0,ARI,00-0025430
173,RB,Jacquizz Rodgers,4000,TB@ARI 04:05PM ET,7.375,TB,00-0028083
174,QB,Ryan Griffin,4000,TB@ARI 04:05PM ET,0.0,TB,00-0029857
175,WR,Adam Humphries,4000,TB@ARI 04:05PM ET,9.425,TB,00-0032009
176,QB,Brandon Allen,4000,LAR@JAX 04:05PM ET,0.0,LA,00-0032434
177,WR,Cooper Kupp,4000,LAR@JAX 04:05PM ET,10.4,LA,00-0033908
178,QB,Tyler Bray,4000,PIT@KC 04:25PM ET,0.0,KC,00-0030151
179,QB,Joshua Dobbs,4000,PIT@KC 04:25PM ET,0.0,PIT,00-0033949
180,RB,Charcandrick West,4000,PIT@KC 04:25PM ET,7.32,KC,00-0030668
181,QB,Kellen Clemens,4000,LAC@OAK 04:25PM ET,0.0,LAC,00-0024264
182,RB,Branden Oliver,4000,LAC@OAK 04:25PM ET,3.2,LAC,00-0031277
183,QB,Connor Cook,4000,LAC@OAK 04:25PM ET,0.0,OAK,00-0032893
184,DST,Broncos ,4000,NYG@DEN 08:30PM ET,7.75,DEN,
185,WR,Brandon Marshall,4000,NYG@DEN 08:30PM ET,6.68,NYG,00-0024334
186,QB,Chad Kelly,4000,NYG@DEN 08:30PM ET,0.0,DEN,
187,QB,Paxton Lynch,4000,NYG@DEN 08:30PM ET,0.0,DEN,00-0033108
188,QB,Davis Webb,4000,NYG@DEN 08:30PM ET,0.0,NYG,00-0033550
189,QB,Brandon Weeden,4000,IND@TEN 08:30PM ET,0.0,TEN,00-0029677
190,WR,Justin Hardy,3900,MIA@ATL 01:00PM ET,3.025,ATL,00-0031570
191,DST,Texans ,3900,CLE@HOU 01:00PM ET,6.8,HOU,
192,WR,Ricardo Louis,3900,CLE@HOU 01:00PM ET,7.08,CLE,00-0033079
193,RB,Matt Forte,3900,NE@NYJ 01:00PM ET,7.4,NYJ,00-0026184
194,TE,Vernon Davis,3900,SF@WAS 01:00PM ET,7.5,WAS,00-0024221
195,TE,Cameron Brate,3900,TB@ARI 04:05PM ET,13.375,TB,00-0031273
196,RB,Malcolm Brown,3900,LAR@JAX 04:05PM ET,3.875,LA,00-0031806
197,RB,Jalen Richard,3900,LAC@OAK 04:25PM ET,6.38,OAK,00-0033025
198,RB,Wayne Gallman,3900,NYG@DEN 08:30PM ET,13.1,NYG,00-0033950
199,RB,Marlon Mack,3900,IND@TEN 08:30PM ET,9.867,IND,00-0033951
200,TE,Kyle Rudolph,3800,GB@MIN 01:00PM ET,8.68,MIN,00-0027981
201,RB,Dion Lewis,3800,NE@NYJ 01:00PM ET,5.42,NE,00-0028087
202,RB,Rex Burkhead,3800,NE@NYJ 01:00PM ET,8.35,NE,00-0030288
203,WR,Ryan Grant,3800,SF@WAS 01:00PM ET,8.475,WAS,00-0031068
204,RB,Chris Ivory,3800,LAR@JAX 04:05PM ET,5.96,JAX,00-0027531
205,TE,Evan Engram,3800,NYG@DEN 08:30PM ET,9.0,NYG,00-0033881
206,WR,Roger Lewis,3800,NYG@DEN 08:30PM ET,4.84,NYG,00-0032659
207,RB,Damien Williams,3700,MIA@ATL 01:00PM ET,1.5,MIA,00-0030874
208,DST,Ravens ,3700,CHI@BAL 01:00PM ET,10.6,BAL,
209,RB,Danny Woodhead,3700,CHI@BAL 01:00PM ET,6.7,BAL,00-0026019
210,RB,Alfred Blue,3700,CLE@HOU 01:00PM ET,0.6,HOU,00-0031075
211,WR,Bruce Ellington,3700,CLE@HOU 01:00PM ET,7.375,HOU,00-0031326
212,WR,Phillip Dorsett,3700,NE@NYJ 01:00PM ET,2.64,NE,00-0032208
213,WR,Robert Woods,3700,LAR@JAX 04:05PM ET,9.2,LA,00-0030431
214,TE,Jared Cook,3700,LAC@OAK 04:25PM ET,8.7,OAK,00-0027061
215,RB,DeAndre Washington,3700,LAC@OAK 04:25PM ET,4.625,OAK,00-0032940
216,WR,Mike Williams,3700,LAC@OAK 04:25PM ET,0.0,LAC,00-0033536
217,RB,Orleans Darkwa,3700,NYG@DEN 08:30PM ET,5.95,NYG,00-0030860
218,RB,Robert Turbin,3700,IND@TEN 08:30PM ET,3.58,IND,00-0029273
219,TE,Jack Doyle,3700,IND@TEN 08:30PM ET,8.075,IND,00-0030181
220,WR,Donte Moncrief,3700,IND@TEN 08:30PM ET,6.88,IND,00-0031339
221,TE,Martellus Bennett,3600,GB@MIN 01:00PM ET,7.88,GB,00-0026201
222,WR,Ted Ginn Jr.,3600,DET@NO 01:00PM ET,8.625,NO,00-0025396
223,RB,Zach Zenner,3600,DET@NO 01:00PM ET,2.533,DET,00-0031665
224,RB,Dwayne Washington,3600,DET@NO 01:00PM ET,1.55,DET,00-0032450
225,WR,Malcolm Mitchell,3600,NE@NYJ 01:00PM ET,0.0,NE,00-0032400
226,WR,Josh Doctson,3600,SF@WAS 01:00PM ET,4.225,WAS,00-0032760
227,DST,Jaguars ,3600,LAR@JAX 04:05PM ET,16.4,JAX,
228,WR,JuJu Smith-Schuster,3600,PIT@KC 04:25PM ET,8.0,PIT,00-0033857
229,WR,Seth Roberts,3600,LAC@OAK 04:25PM ET,5.64,OAK,00-0031166
230,RB,Shane Vereen,3600,NYG@DEN 08:30PM ET,7.78,NYG,00-0027994
231,RB,De'Angelo Henderson,3600,NYG@DEN 08:30PM ET,0.033,DEN,00-0033581
232,DST,Falcons ,3500,MIA@ATL 01:00PM ET,6.25,ATL,
233,WR,Andre Roberts,3500,MIA@ATL 01:00PM ET,0.55,ATL,00-0027691
234,TE,Austin Hooper,3500,MIA@ATL 01:00PM ET,9.6,ATL,00-0032392
235,WR,Michael Floyd,3500,GB@MIN 01:00PM ET,2.9,MIN,00-0029638
236,RB,Devante Mays,3500,GB@MIN 01:00PM ET,0.0,GB,00-0033304
237,RB,Charles Sims,3500,TB@ARI 04:05PM ET,3.925,TB,00-0031390
238,RB,Devontae Booker,3500,NYG@DEN 08:30PM ET,1.4,DEN,00-0032972
239,DST,Redskins ,3400,SF@WAS 01:00PM ET,9.25,WAS,
240,TE,George Kittle,3400,SF@WAS 01:00PM ET,7.92,SF,00-0033288
241,WR,Trent Taylor,3400,SF@WAS 01:00PM ET,5.58,SF,00-0033292
242,RB,Adrian Peterson,3400,TB@ARI 04:05PM ET,2.625,ARI,00-0025394
243,RB,Chris Johnson,3400,TB@ARI 04:05PM ET,5.175,ARI,
244,RB,T.J. Yeldon,3400,LAR@JAX 04:05PM ET,0.0,JAX,00-0032209
245,WR,Jakeem Grant,3300,MIA@ATL 01:00PM ET,0.775,MIA,00-0032791
246,TE,Benjamin Watson,3300,CHI@BAL 01:00PM ET,7.76,BAL,00-0022943
247,WR,Markus Wheaton,3300,CHI@BAL 01:00PM ET,0.507,CHI,00-0030460
248,WR,Kasen Williams,3300,CLE@HOU 01:00PM ET,2.325,CLE,00-0032250
249,WR,Rashard Higgins,3300,CLE@HOU 01:00PM ET,5.65,CLE,00-0032977
250,WR,Jeff Janis,3300,GB@MIN 01:00PM ET,0.0,GB,00-0031001
251,WR,Brandon Coleman,3300,DET@NO 01:00PM ET,8.425,NO,00-0030801
252,DST,Patriots ,3300,NE@NYJ 01:00PM ET,3.4,NE,
253,RB,Corey Grant,3300,LAR@JAX 04:05PM ET,2.6,JAX,00-0031731
254,WR,Albert Wilson,3300,PIT@KC 04:25PM ET,7.68,KC,00-0030669
255,WR,Tavarres King,3300,NYG@DEN 08:30PM ET,0.0,NYG,00-0030091
256,WR,Bennie Fowler,3300,NYG@DEN 08:30PM ET,8.475,DEN,00-0030670
257,RB,Paul Perkins,3300,NYG@DEN 08:30PM ET,4.15,NYG,00-0032417
258,WR,Ed Eagan,3300,NYG@DEN 08:30PM ET,0.0,NYG,00-0032705
259,WR,Travis Rudolph,3300,NYG@DEN 08:30PM ET,0.0,NYG,00-0033717
260,DST,Colts ,3300,IND@TEN 08:30PM ET,5.0,IND,
261,WR,Taywan Taylor,3300,IND@TEN 08:30PM ET,2.96,TEN,00-0033911
262,WR,Nick Williams,3200,MIA@ATL 01:00PM ET,6.0,ATL,00-0029848
263,TE,Coby Fleener,3200,DET@NO 01:00PM ET,8.975,NO,00-0029697
264,RB,Kerwynn Williams,3200,TB@ARI 04:05PM ET,2.48,ARI,00-0030117
265,DST,Rams ,3200,LAR@JAX 04:05PM ET,9.4,LA,
266,WR,Jaelen Strong,3200,LAR@JAX 04:05PM ET,0.0,JAX,00-0031560
267,DST,Chiefs ,3200,PIT@KC 04:25PM ET,9.0,KC,
268,WR,Chris Conley,3200,PIT@KC 04:25PM ET,5.7,KC,00-0032128
269,WR,Deonte Thompson,3100,CHI@BAL 01:00PM ET,5.9,CHI,
270,WR,Laquon Treadwell,3100,GB@MIN 01:00PM ET,1.84,MIN,00-0032951
271,WR,Aldrick Robinson,3100,SF@WAS 01:00PM ET,3.14,SF,00-0028116
272,WR,Tavon Austin,3100,LAR@JAX 04:05PM ET,4.34,LA,00-0030525
273,TE,Jesse James,3100,PIT@KC 04:25PM ET,9.02,PIT,00-0032135
274,DST,Chargers ,3100,LAC@OAK 04:25PM ET,5.4,LAC,
275,WR,Dontrelle Inman,3100,LAC@OAK 04:25PM ET,0.725,LAC,00-0028411
276,RB,Derrick Coleman,3000,MIA@ATL 01:00PM ET,0.525,ATL,00-0029068
277,RB,Senorise Perry,3000,MIA@ATL 01:00PM ET,0.0,MIA,00-0031209
278,RB,Terron Ward,3000,MIA@ATL 01:00PM ET,0.0,ATL,00-0031682
279,WR,Rashawn Scott,3000,MIA@ATL 01:00PM ET,0.0,MIA,00-0032621
280,WR,Leonte Carroo,3000,MIA@ATL 01:00PM ET,0.0,MIA,00-0033060
281,RB,Brian Hill,3000,MIA@ATL 01:00PM ET,0.0,ATL,
282,WR,Isaiah Ford,3000,MIA@ATL 01:00PM ET,0.0,MIA,00-0033471
283,RB,Bobby Rainey,3000,CHI@BAL 01:00PM ET,0.0,BAL,00-0029384
284,WR,Tanner Gentry,3000,CHI@BAL 01:00PM ET,4.7,CHI,00-0033633
285,RB,Benny Cunningham,3000,CHI@BAL 01:00PM ET,5.15,CHI,00-0029795
286,WR,Michael Campanaro,3000,CHI@BAL 01:00PM ET,2.2,BAL,00-0031025
287,WR,Chris Matthews,3000,CHI@BAL 01:00PM ET,0.8,BAL,00-0028702
288,WR,Josh Bellamy,3000,CHI@BAL 01:00PM ET,4.28,CHI,00-0029319
289,RB,Michael Burton,3000,CHI@BAL 01:00PM ET,0.14,CHI,00-0031595
290,WR,Tre McBride,3000,CHI@BAL 01:00PM ET,1.4,CHI,00-0032123
291,WR,Chris Moore,3000,CHI@BAL 01:00PM ET,0.0,BAL,00-0032398
292,WR,Breshad Perriman,3000,CHI@BAL 01:00PM ET,1.32,BAL,00-0032054
293,RB,Taquan Mizzell,3000,CHI@BAL 01:00PM ET,0.0,CHI,00-0033373
294,RB,Jordan Todman,3000,CLE@HOU 01:00PM ET,0.0,HOU,00-0028121
295,WR,James Wright,3000,CLE@HOU 01:00PM ET,0.0,CLE,
296,RB,Jay Prosch,3000,CLE@HOU 01:00PM ET,0.0,HOU,00-0031085
297,TE,C.J. Fiedorowicz,3000,CLE@HOU 01:00PM ET,8.6,HOU,00-0031302
298,WR,Sammie Coates,3000,CLE@HOU 01:00PM ET,0.0,CLE,00-0032166
299,WR,Braxton Miller,3000,CLE@HOU 01:00PM ET,1.8330000000000002,HOU,00-0033069
300,WR,Bryce Treggs,3000,CLE@HOU 01:00PM ET,4.8,CLE,00-0032724
301,RB,Danny Vitale,3000,CLE@HOU 01:00PM ET,0.0,CLE,00-0032794
302,RB,Matthew Dayes,3000,CLE@HOU 01:00PM ET,0.76,CLE,00-0033596
303,WR,Chris Thompson,3000,CLE@HOU 01:00PM ET,1.45,HOU,00-0033855
304,TE,David Njoku,3000,CLE@HOU 01:00PM ET,8.38,CLE,00-0033885
305,RB,Stevan Ridley,3000,GB@MIN 01:00PM ET,0.0,MIN,
306,WR,Jarius Wright,3000,GB@MIN 01:00PM ET,2.78,MIN,00-0029572
307,RB,Aaron Ripkowski,3000,GB@MIN 01:00PM ET,0.68,GB,00-0031612
308,WR,Trevor Davis,3000,GB@MIN 01:00PM ET,0.38,GB,00-0032423
309,WR,Stacy Coley,3000,GB@MIN 01:00PM ET,0.0,MIN,00-0033968
310,WR,Rodney Adams,3000,GB@MIN 01:00PM ET,0.0,MIN,00-0033957
311,RB,C.J. Ham,3000,GB@MIN 01:00PM ET,2.08,MIN,00-0032918
312,RB,Zach Line,3000,DET@NO 01:00PM ET,0.0,NO,00-0029931
313,WR,Jared Abbrederis,3000,DET@NO 01:00PM ET,1.9,DET,00-0031021
314,WR,TJ Jones,3000,DET@NO 01:00PM ET,5.2,DET,00-0031189
315,TE,Eric Ebron,3000,DET@NO 01:00PM ET,5.46,DET,00-0031387
316,WR,Tommylee Lewis,3000,DET@NO 01:00PM ET,4.05,NO,00-0032881
317,RB,Tion Green,3000,DET@NO 01:00PM ET,0.0,DET,00-0033748
318,RB,Trey Edmunds,3000,DET@NO 01:00PM ET,0.0,NO,00-0033838
319,WR,Austin Carr,3000,DET@NO 01:00PM ET,0.0,NO,00-0033382
320,WR,Matthew Slater,3000,NE@NYJ 01:00PM ET,0.0,NE,00-0026293
321,RB,James Develin,3000,NE@NYJ 01:00PM ET,1.0,NE,00-0027925
322,RB,Travaris Cadet,3000,NE@NYJ 01:00PM ET,0.0,NYJ,00-0029205
323,RB,Brandon Bolden,3000,NE@NYJ 01:00PM ET,0.0,NE,00-0029239
324,RB,Lawrence Thomas,3000,NE@NYJ 01:00PM ET,0.625,NYJ,00-0032740
325,WR,Jalin Marshall,3000,NE@NYJ 01:00PM ET,0.0,NYJ,
326,WR,Lucky Whitehead,3000,NE@NYJ 01:00PM ET,0.0,NYJ,
327,WR,ArDarius Stewart,3000,NE@NYJ 01:00PM ET,1.52,NYJ,00-0033916
328,WR,Chad Hansen,3000,NE@NYJ 01:00PM ET,0.0,NYJ,00-0033840
329,WR,Brian Quick,3000,SF@WAS 01:00PM ET,0.7,WAS,00-0029640
330,RB,Kyle Juszczyk,3000,SF@WAS 01:00PM ET,4.62,SF,00-0029892
331,RB,Mack Brown,3000,SF@WAS 01:00PM ET,2.7,WAS,00-0032048
332,RB,Raheem Mostert,3000,SF@WAS 01:00PM ET,0.08,SF,00-0031687
333,WR,Victor Bolden Jr.,3000,SF@WAS 01:00PM ET,0.0,SF,00-0033306
334,WR,Kendrick Bourne,3000,SF@WAS 01:00PM ET,0.0,SF,00-0033307
335,WR,Bernard Reedy,3000,TB@ARI 04:05PM ET,0.475,TB,00-0030743
336,RB,Elijhaa Penny,3000,TB@ARI 04:05PM ET,0.34,ARI,00-0032813
337,WR,Brittan Golden,3000,TB@ARI 04:05PM ET,1.4,ARI,00-0029336
338,RB,D.J. Foster,3000,TB@ARI 04:05PM ET,0.0,ARI,00-0032577
339,RB,T.J. Logan,3000,TB@ARI 04:05PM ET,0.0,ARI,00-0033789
340,RB,Peyton Barber,3000,TB@ARI 04:05PM ET,1.225,TB,00-0032741
341,WR,Chad Williams,3000,TB@ARI 04:05PM ET,2.15,ARI,00-0033933
342,WR,Chris Godwin,3000,TB@ARI 04:05PM ET,2.3,TB,00-0033921
343,WR,Arrelious Benn,3000,LAR@JAX 04:05PM ET,0.44,JAX,00-0027654
344,RB,Lance Dunbar,3000,LAR@JAX 04:05PM ET,0.0,LA,00-0029004
345,RB,Tommy Bohanon,3000,LAR@JAX 04:05PM ET,2.46,JAX,
346,WR,Max McCaffrey,3000,LAR@JAX 04:05PM ET,0.35,JAX,00-0032937
347,RB,Justin Davis,3000,LAR@JAX 04:05PM ET,0.05,LA,00-0033760
348,WR,Pharoh Cooper,3000,LAR@JAX 04:05PM ET,0.92,LA,00-0033111
349,WR,Keelan Cole,3000,LAR@JAX 04:05PM ET,1.8,JAX,00-0033681
350,WR,Josh Reynolds,3000,LAR@JAX 04:05PM ET,0.76,LA,00-0033943
351,WR,Michael Thomas,3000,LAR@JAX 04:05PM ET,0.0,LA,00-0032765
352,WR,Darrius Heyward-Bey,3000,PIT@KC 04:25PM ET,0.06,PIT,00-0026983
353,RB,Anthony Sherman,3000,PIT@KC 04:25PM ET,0.42,KC,00-0028074
354,WR,Justin Hunter,3000,PIT@KC 04:25PM ET,1.55,PIT,00-0030521
355,RB,Roosevelt Nix,3000,PIT@KC 04:25PM ET,0.0,PIT,
356,RB,Akeem Hunt,3000,PIT@KC 04:25PM ET,0.0,KC,00-0031743
357,WR,Eli Rogers,3000,PIT@KC 04:25PM ET,3.467,PIT,00-0031782
358,WR,De'Anthony Thomas,3000,PIT@KC 04:25PM ET,2.32,KC,00-0031060
359,RB,Terrell Watson,3000,PIT@KC 04:25PM ET,0.1,PIT,00-0031793
360,WR,Jehu Chesson,3000,PIT@KC 04:25PM ET,0.0,KC,00-0033464
361,WR,Demarcus Robinson,3000,PIT@KC 04:25PM ET,1.1,KC,00-0032775
362,TE,Antonio Gates,3000,LAC@OAK 04:25PM ET,5.38,LAC,00-0021547
363,RB,Andre Williams,3000,LAC@OAK 04:25PM ET,0.0,LAC,00-0031055
364,RB,Jamize Olawale,3000,LAC@OAK 04:25PM ET,1.6,OAK,00-0029492
365,RB,Derek Watt,3000,LAC@OAK 04:25PM ET,0.0,LAC,
366,WR,Cordarrelle Patterson,3000,LAC@OAK 04:25PM ET,5.34,OAK,00-0030578
367,WR,Johnny Holton,3000,LAC@OAK 04:25PM ET,2.68,OAK,00-0032935
368,RB,Austin Ekeler,3000,LAC@OAK 04:25PM ET,5.0,LAC,00-0033699
369,WR,Dwayne Harris,3000,NYG@DEN 08:30PM ET,0.0,NYG,00-0028114
370,WR,Jordan Taylor,3000,NYG@DEN 08:30PM ET,0.0,DEN,00-0031697
371,WR,Cody Latimer,3000,NYG@DEN 08:30PM ET,1.4,DEN,00-0031344
372,RB,Andy Janovich,3000,NYG@DEN 08:30PM ET,0.05,DEN,00-0032956
373,WR,Isaiah McKenzie,3000,NYG@DEN 08:30PM ET,0.1,DEN,00-0033466
374,DST,Titans ,3000,IND@TEN 08:30PM ET,4.2,TEN,
375,WR,Eric Weems,3000,IND@TEN 08:30PM ET,0.0,TEN,00-0024535
376,WR,Kamar Aiken,3000,IND@TEN 08:30PM ET,2.98,IND,00-0028497
377,RB,George Winn,3000,IND@TEN 08:30PM ET,0.0,IND,00-0030247
378,RB,Jalston Fowler,3000,IND@TEN 08:30PM ET,1.26,TEN,00-0032130
379,RB,David Fluellen,3000,IND@TEN 08:30PM ET,0.42,TEN,00-0030711
380,WR,Quan Bray,3000,IND@TEN 08:30PM ET,0.64,IND,00-0031514
381,WR,Darius Jennings,3000,IND@TEN 08:30PM ET,0.0,TEN,00-0031972
382,RB,Matt Jones,3000,IND@TEN 08:30PM ET,0.7,IND,00-0031939
383,WR,Chester Rogers,3000,IND@TEN 08:30PM ET,0.0,IND,00-0032355
384,WR,Krishawn Hogan,3000,IND@TEN 08:30PM ET,0.0,IND,00-0033604
385,TE,Zach Miller,2900,CHI@BAL 01:00PM ET,8.04,CHI,00-0027125
386,DST,Vikings ,2900,GB@MIN 01:00PM ET,5.2,MIN,
387,TE,Julius Thomas,2800,MIA@ATL 01:00PM ET,4.4,MIA,00-0028067
388,TE,Stephen Anderson,2800,CLE@HOU 01:00PM ET,4.725,HOU,00-0032725
389,DST,Packers ,2800,GB@MIN 01:00PM ET,7.8,GB,
390,DST,Cardinals ,2800,TB@ARI 04:05PM ET,5.2,ARI,
391,TE,Demetrius Harris,2800,PIT@KC 04:25PM ET,2.92,KC,00-0030155
392,DST,Bears ,2700,CHI@BAL 01:00PM ET,4.2,CHI,
393,DST,Saints ,2700,DET@NO 01:00PM ET,7.0,NO,
394,TE,Dwayne Allen,2700,NE@NYJ 01:00PM ET,0.0,NE,00-0029689
395,TE,Marcedes Lewis,2700,LAR@JAX 04:05PM ET,6.12,JAX,00-0024243
396,TE,A.J. Derby,2700,NYG@DEN 08:30PM ET,6.35,DEN,00-0031609
397,TE,Richard Rodgers,2600,GB@MIN 01:00PM ET,1.36,GB,00-0031384
398,DST,Buccaneers ,2600,TB@ARI 04:05PM ET,6.5,TB,
399,TE,Jermaine Gresham,2600,TB@ARI 04:05PM ET,5.25,ARI,00-0027873
400,TE,O.J. Howard,2600,TB@ARI 04:05PM ET,4.8,TB,00-0033879
401,DST,Steelers ,2600,PIT@KC 04:25PM ET,10.2,PIT,
402,TE,Vance McDonald,2600,PIT@KC 04:25PM ET,0.0,PIT,00-0030470
403,DST,Giants ,2600,NYG@DEN 08:30PM ET,3.4,NYG,
404,TE,Erik Swoope,2600,IND@TEN 08:30PM ET,0.0,IND,00-0030854
405,TE,Jonnu Smith,2600,IND@TEN 08:30PM ET,5.5,TEN,00-0033858
406,TE,Anthony Fasano,2500,MIA@ATL 01:00PM ET,0.0,MIA,00-0024268
407,TE,MarQueis Gray,2500,MIA@ATL 01:00PM ET,0.0,MIA,00-0029878
408,TE,Levine Toilolo,2500,MIA@ATL 01:00PM ET,1.275,ATL,00-0030443
409,TE,Eric Saubert,2500,MIA@ATL 01:00PM ET,0.0,ATL,00-0033576
410,TE,Andrew DePaola,2500,CHI@BAL 01:00PM ET,0.0,CHI,00-0029714
411,TE,Dion Sims,2500,CHI@BAL 01:00PM ET,1.92,CHI,00-0030422
412,TE,Daniel Brown,2500,CHI@BAL 01:00PM ET,0.0,CHI,00-0032098
413,TE,Nick Boyle,2500,CHI@BAL 01:00PM ET,3.64,BAL,00-0031598
414,TE,Maxx Williams,2500,CHI@BAL 01:00PM ET,3.9,BAL,00-0031558
415,TE,Vince Mayle,2500,CHI@BAL 01:00PM ET,1.24,BAL,00-0032188
416,TE,Adam Shaheen,2500,CHI@BAL 01:00PM ET,1.44,CHI,00-0033896
417,TE,Randall Telfer,2500,CLE@HOU 01:00PM ET,0.88,CLE,00-0031533
418,TE,Seth DeValve,2500,CLE@HOU 01:00PM ET,5.56,CLE,00-0033080
419,TE,Lance Kendricks,2500,GB@MIN 01:00PM ET,4.28,GB,00-0027985
420,TE,Kevin McDermott,2500,GB@MIN 01:00PM ET,0.0,MIN,00-0029879
421,TE,Blake Bell,2500,GB@MIN 01:00PM ET,0.44,MIN,00-0032062
422,TE,David Morgan,2500,GB@MIN 01:00PM ET,0.0,MIN,00-0032430
423,TE,Darren Fells,2500,DET@NO 01:00PM ET,5.5,DET,00-0029738
424,TE,Michael Hoomanawanui,2500,DET@NO 01:00PM ET,1.025,NO,00-0027732
425,TE,Josh Hill,2500,DET@NO 01:00PM ET,1.8,NO,00-0030216
426,TE,Michael Roberts,2500,DET@NO 01:00PM ET,0.5,DET,00-0033559
427,TE,Eric Tomlinson,2500,NE@NYJ 01:00PM ET,2.967,NYJ,00-0031690
428,TE,Jacob Hollister,2500,NE@NYJ 01:00PM ET,1.1,NE,00-0033386
429,TE,Jordan Leggett,2500,NE@NYJ 01:00PM ET,0.0,NYJ,00-0033953
430,TE,Logan Paulsen,2500,SF@WAS 01:00PM ET,0.0,SF,00-0027215
431,TE,Kyle Nelson,2500,SF@WAS 01:00PM ET,0.0,SF,00-0028374
432,TE,Garrett Celek,2500,SF@WAS 01:00PM ET,2.06,SF,00-0028903
433,TE,Niles Paul,2500,SF@WAS 01:00PM ET,0.175,WAS,00-0028093
434,TE,Jeremy Sprinkle,2500,SF@WAS 01:00PM ET,0.0,WAS,00-0033528
435,TE,Luke Stocker,2500,TB@ARI 04:05PM ET,0.0,TB,00-0028042
436,TE,Ifeanyi Momah,2500,TB@ARI 04:05PM ET,1.12,ARI,00-0029740
437,TE,Troy Niklas,2500,TB@ARI 04:05PM ET,0.92,ARI,00-0031044
438,TE,Ricky Seals-Jones,2500,TB@ARI 04:05PM ET,0.0,ARI,00-0033611
439,TE,Antony Auclair,2500,TB@ARI 04:05PM ET,0.0,TB,00-0033421
440,TE,James O'Shaughnessy,2500,LAR@JAX 04:05PM ET,1.0,JAX,00-0031951
441,TE,Tyler Higbee,2500,LAR@JAX 04:05PM ET,5.32,LA,00-0033110
442,TE,Ben Koyack,2500,LAR@JAX 04:05PM ET,0.0,JAX,00-0032139
443,TE,Derek Carrier,2500,LAR@JAX 04:05PM ET,1.36,LA,00-0029119
444,TE,Gerald Everett,2500,LAR@JAX 04:05PM ET,4.2,LA,00-0033895
445,TE,James Winchester,2500,PIT@KC 04:25PM ET,0.0,KC,00-0030615
446,TE,Xavier Grimble,2500,PIT@KC 04:25PM ET,0.0,PIT,00-0031035
447,TE,Ross Travis,2500,PIT@KC 04:25PM ET,0.92,KC,00-0032319
448,DST,Raiders ,2500,LAC@OAK 04:25PM ET,4.2,OAK,
449,TE,Lee Smith,2500,LAC@OAK 04:25PM ET,1.08,OAK,00-0028097
450,TE,Sean McGrath,2500,LAC@OAK 04:25PM ET,0.5,LAC,00-0029391
451,TE,Clive Walford,2500,LAC@OAK 04:25PM ET,0.52,OAK,00-0032256
452,TE,Sean Culkin,2500,LAC@OAK 04:25PM ET,0.0,LAC,00-0033696
453,TE,Virgil Green,2500,NYG@DEN 08:30PM ET,4.825,DEN,00-0028142
454,TE,Rhett Ellison,2500,NYG@DEN 08:30PM ET,3.4,NYG,00-0029587
455,TE,Jeff Heuerman,2500,NYG@DEN 08:30PM ET,1.375,DEN,00-0032227
456,TE,Matt LaCosse,2500,NYG@DEN 08:30PM ET,0.0,NYG,00-0031744
457,TE,Jerell Adams,2500,NYG@DEN 08:30PM ET,1.38,NYG,00-0032429
458,TE,Jake Butt,2500,NYG@DEN 08:30PM ET,0.0,DEN,
459,TE,Beau Brinkley,2500,IND@TEN 08:30PM ET,0.0,TEN,00-0029134
460,TE,Brandon Williams,2500,IND@TEN 08:30PM ET,2.72,IND,00-0029793
461,TE,Henry Krieger-Coble,2500,IND@TEN 08:30PM ET,0.0,IND,00-0032523
462,TE,Phillip Supernaw,2500,IND@TEN 08:30PM ET,2.18,TEN,00-0028987
463,TE,Darrell Daniels,2500,IND@TEN 08:30PM ET,0.78,IND,00-0033258
464,DST,Lions ,2400,DET@NO 01:00PM ET,12.2,DET,
465,DST,Browns ,2300,CLE@HOU 01:00PM ET,4.6,CLE,
466,DST,49ers ,2200,SF@WAS 01:00PM ET,5.2,SF,
467,DST,Jets ,2100,NE@NYJ 01:00PM ET,5.2,NYJ,
468,DST,Dolphins ,2000,MIA@ATL 01:00PM ET,7.25,MIA,
