,Player,Position,Team,Salary,ESPN_FantasyPoints,FantasyData_FantasyPoints,FantasyFootball_FantasyPoints,AvgPointsPerGame,Avg,Max,Min
0,Le'Veon Bell,RB,PIT,9100,22,,18.0,21.767,19.883499999999998,21.767,18.0
1,Ezekiel Elliott,RB,DAL,9000,21.3,,18.5,18.74,18.619999999999997,18.74,18.5
2,Antonio Brown,WR,PIT,8900,18.2,,16.5,23.667,20.0835,23.667,16.5
3,Leonard Fournette,RB,JAX,8600,18.4,15.26,,23.2,19.23,23.2,15.26
4,Julio Jones,WR,ATL,8500,18.3,,15.0,12.94,13.969999999999999,15.0,12.94
5,A.J. Green,WR,CIN,8300,17.1,13.59,15.0,21.08,16.55666666666667,21.08,13.59
6,Todd Gurley II,RB,LA,8200,18.6,16.31,18.0,24.767,19.692333333333334,24.767,16.31
7,Tom Brady,QB,NE,8000,20.4,,27.5,23.743,25.621499999999997,27.5,23.743
8,Dez Bryant,WR,DAL,7800,14.7,12.92,13.5,13.08,13.166666666666666,13.5,12.92
9,Mike Evans,WR,TB,7600,15.2,12.69,14.5,16.42,14.536666666666667,16.42,12.69
10,Drew Brees,QB,NO,7600,16.9,18.61,23.0,18.848,20.152666666666665,23.0,18.61
11,Michael Thomas,WR,NO,7500,15.7,13.31,15.0,14.42,14.243333333333334,15.0,13.31
12,Matt Ryan,QB,ATL,7500,19.1,18.49,21.8,15.376,18.555333333333333,21.8,15.376
13,LeSean McCoy,RB,BUF,7400,20.8,17.03,19.5,15.36,17.296666666666667,19.5,15.36
14,Brandin Cooks,WR,NE,7400,13,12.1,13.0,14.867,13.322333333333333,14.867,12.1
15,Larry Fitzgerald,WR,ARI,7300,14.1,12.37,13.0,18.583,14.650999999999998,18.583,12.37
16,Dak Prescott,QB,DAL,7300,17.8,,23.5,22.456,22.978,23.5,22.456
17,Rob Gronkowski,TE,NE,7300,15.4,,13.0,18.62,15.81,18.62,13.0
18,Devonta Freeman,RB,ATL,7300,15.2,13.86,15.5,17.48,15.613333333333335,17.48,13.86
19,C.J. Anderson,RB,DEN,7200,13.2,11.47,15.0,13.28,13.25,15.0,11.47
20,Cam Newton,QB,CAR,7000,15.2,17.96,23.8,21.19,20.983333333333334,23.8,17.96
21,Chris Hogan,WR,NE,7000,13.8,11.58,5.0,14.4,10.326666666666666,14.4,5.0
22,Kelvin Benjamin,WR,CAR,6900,10.8,9.5,13.0,12.017,11.505666666666665,13.0,9.5
23,Marcus Mariota,QB,TEN,6900,16.6,18.19,21.3,17.704,19.064666666666668,21.3,17.704
24,Zach Ertz,TE,PHI,6900,16.1,,13.0,16.25,14.625,16.25,13.0
25,Aaron Rodgers,QB,GB,6800,0,,,20.117,20.117,20.117,20.117
26,Jordy Nelson,WR,GB,6800,14.7,11.67,7.0,15.0,11.223333333333334,15.0,7.0
27,Jarvis Landry,WR,MIA,6800,13.8,11.07,14.0,15.3,13.456666666666669,15.3,11.07
28,Mark Ingram,RB,NO,6700,17.6,14.97,16.0,15.7,15.556666666666667,16.0,14.97
29,Adam Thielen,WR,MIN,6700,14.1,10.95,7.5,14.833,11.094333333333333,14.833,7.5
30,Carson Wentz,QB,PHI,6700,17.4,17.79,23.3,22.443,21.177666666666667,23.3,17.79
31,Carson Palmer,QB,ARI,6600,15.8,16.26,22.3,19.08,19.213333333333335,22.3,16.26
32,Doug Baldwin,WR,SEA,6600,14.2,11.55,14.0,13.22,12.923333333333334,14.0,11.55
33,David Johnson,RB,ARI,6500,0,,,14.1,14.1,14.1,14.1
34,DeVante Parker,WR,MIA,6500,0,8.4,,12.15,10.275,12.15,8.4
35,Kirk Cousins,QB,WAS,6500,,17.35,24.0,21.532,20.96066666666667,24.0,17.35
36,Jordan Howard,RB,CHI,6400,13.3,12.22,16.5,15.867,14.862333333333334,16.5,12.22
37,Russell Wilson,QB,SEA,6400,17,16.67,22.8,20.656,20.041999999999998,22.8,16.67
38,Jerick McKinnon,RB,MIN,6300,13.2,11.87,15.5,11.017,12.795666666666667,15.5,11.017
39,Keenan Allen,WR,LAC,6300,12.8,10.1,5.0,14.933,10.011000000000001,14.933,5.0
40,DeMarco Murray,RB,TEN,6200,9.1,8.45,6.0,11.317,8.589,11.317,6.0
41,Jay Ajayi,RB,MIA,6200,15.2,13.53,15.5,10.68,13.236666666666666,15.5,10.68
42,Ben Roethlisberger,QB,PIT,6200,14.4,15.44,21.0,13.707,16.715666666666667,21.0,13.707
43,Alshon Jeffery,WR,PHI,6200,13.5,10.23,14.0,11.617,11.949,14.0,10.23
44,Christian McCaffrey,RB,CAR,6100,14.1,10.96,6.5,15.117,10.859,15.117,6.5
45,T.Y. Hilton,WR,IND,6100,11.9,11.15,6.5,14.083,10.577666666666666,14.083,6.5
46,Jameis Winston,QB,TB,6000,15.3,15.21,22.8,17.472,18.494000000000003,22.8,15.21
47,Devin Funchess,WR,CAR,6000,10.5,9.72,12.0,12.583,11.434333333333333,12.583,9.72
48,Doug Martin,RB,TB,5900,11.5,10.99,7.0,15.3,11.09666666666667,15.3,7.0
49,Sam Bradford,QB,MIN,5900,0,,,14.99,14.99,14.99,14.99
50,Carlos Hyde,RB,SF,5900,13.8,12.61,14.5,16.7,14.603333333333333,16.7,12.61
51,Emmanuel Sanders,WR,DEN,5900,0,,,12.72,12.72,12.72,12.72
52,Delanie Walker,TE,TEN,5800,11.2,8.94,4.0,9.483,7.474333333333334,9.483,4.0
53,Davante Adams,WR,GB,5800,11.2,9.83,4.0,15.317,9.715666666666666,15.317,4.0
54,Adrian Peterson,RB,ARI,5800,11.4,10.58,7.0,7.78,8.453333333333333,10.58,7.0
55,Jared Goff,QB,LA,5800,14.2,15.36,16.5,15.627,15.829,16.5,15.36
56,Pierre Garcon,WR,SF,5800,13,11.23,14.0,13.233,12.821,14.0,11.23
57,Demaryius Thomas,WR,DEN,5800,13.6,12.33,14.0,13.6,13.31,14.0,12.33
58,DeSean Jackson,WR,TB,5700,11.5,9.49,5.0,12.14,8.876666666666667,12.14,5.0
59,Andy Dalton,QB,CIN,5700,14,13.68,17.8,15.08,15.520000000000001,17.8,13.68
60,Darren McFadden,RB,DAL,5700,0,,,0.0,0.0,0.0,0.0
61,Chris Thompson,RB,WAS,5700,,8.84,12.0,19.7,13.513333333333334,19.7,8.84
62,Derek Anderson,QB,CAR,5600,0.1,0.2,,0.68,0.44000000000000006,0.68,0.2
63,Alvin Kamara,RB,NO,5600,14.6,12.16,14.0,13.54,13.233333333333334,14.0,12.16
64,Danny Amendola,WR,NE,5600,10.8,8.86,6.0,13.14,9.333333333333334,13.14,6.0
65,Rishard Matthews,WR,TEN,5500,12.7,10.1,12.5,10.833,11.144333333333334,12.5,10.1
66,Derrick Henry,RB,TEN,5500,10.7,9.77,14.5,8.533,10.934333333333333,14.5,8.533
67,Ty Montgomery,RB,GB,5500,11.7,10.31,4.5,13.64,9.483333333333334,13.64,4.5
68,Andrew Luck,QB,IND,5500,0,,,0.0,0.0,0.0,0.0
69,Jimmy Garoppolo,QB,NE,5500,0.1,0.22,,0.0,0.11,0.22,0.0
70,Alfred Morris,RB,DAL,5400,2.7,,,2.175,2.175,2.175,2.175
71,Trevor Siemian,QB,DEN,5400,14.2,13.6,17.8,18.012,16.470666666666666,18.012,13.6
72,Randall Cobb,WR,GB,5300,10.4,9.02,13.0,11.52,11.18,13.0,9.02
73,Javorius Allen,RB,BAL,5300,11.4,9.48,14.0,12.417,11.965666666666666,14.0,9.48
74,Philip Rivers,QB,LAC,5300,15,14.76,17.5,17.57,16.61,17.57,14.76
75,Terrelle Pryor Sr.,WR,WAS,5300,,9.16,5.0,8.58,7.580000000000001,9.16,5.0
76,Aaron Jones,RB,GB,5200,9,8.0,11.5,7.9,9.133333333333333,11.5,7.9
77,Josh McCown,QB,NYJ,5200,13.1,14.03,22.5,14.927,17.152333333333335,22.5,14.03
78,Sterling Shepard,WR,NYG,5200,12.4,7.57,4.5,11.72,7.93,11.72,4.5
79,Tyrod Taylor,QB,BUF,5100,17.4,16.02,18.8,14.1,16.30666666666667,18.8,14.1
80,Brett Hundley,QB,GB,5100,14.4,14.08,18.0,3.79,11.956666666666665,18.0,3.79
81,Bilal Powell,RB,NYJ,5100,10.2,8.58,,11.84,10.21,11.84,8.58
82,Ryan Fitzpatrick,QB,TB,5000,0.1,1.16,,11.2,6.18,11.2,1.16
83,Matt Cassel,QB,TEN,5000,0.1,,,3.24,3.24,3.24,3.24
84,Kevin Hogan,QB,CLE,5000,0,0.86,,9.695,5.2775,9.695,0.86
85,Jacoby Brissett,QB,IND,5000,12.4,11.88,17.5,14.527,14.635666666666667,17.5,11.88
86,Austin Seferian-Jenkins,TE,NYJ,5000,10,8.21,11.0,12.3,10.503333333333334,12.3,8.21
87,Case Keenum,QB,MIN,5000,13.4,12.75,17.3,14.572,14.874,17.3,12.75
88,Joe Mixon,RB,CIN,5000,10.9,10.13,8.0,8.7,8.943333333333333,10.13,8.0
89,Cole Beasley,WR,DAL,5000,8.8,,4.0,7.58,5.79,7.58,4.0
90,James White,RB,NE,5000,9.3,8.86,11.0,11.35,10.403333333333334,11.35,8.86
91,Duke Johnson Jr.,RB,CLE,4900,11.2,8.45,5.5,13.767,9.238999999999999,13.767,5.5
92,DeShone Kizer,QB,CLE,4900,15.4,13.47,18.0,11.928,14.466,18.0,11.928
93,John Brown,WR,ARI,4900,10.8,8.64,12.0,10.45,10.363333333333333,12.0,8.64
94,C.J. Beathard,QB,SF,4900,12.2,13.33,18.0,7.1,12.81,18.0,7.1
95,Jimmy Graham,TE,SEA,4900,10.7,9.3,10.0,8.98,9.426666666666668,10.0,8.98
96,Taylor Gabriel,WR,ATL,4900,9.8,7.9,,7.5,7.7,7.9,7.5
97,Nelson Agholor,WR,PHI,4900,8.9,8.27,,12.683,10.4765,12.683,8.27
98,Corey Coleman,WR,CLE,4800,0,,,9.1,9.1,9.1,9.1
99,Chris Ivory,RB,JAX,4800,8.6,7.03,16.5,8.75,10.76,16.5,7.03
100,Brian Hoyer,QB,SF,4800,0.1,0.33,,12.25,6.29,12.25,0.33
101,Eli Manning,QB,NYG,4800,14.1,12.83,14.8,16.623,14.751,16.623,12.83
102,Mohamed Sanu,WR,ATL,4800,11.7,8.35,4.5,9.675,7.508333333333333,9.675,4.5
103,Tevin Coleman,RB,ATL,4800,11.8,9.88,6.5,12.64,9.673333333333334,12.64,6.5
104,Jordan Reed,TE,WAS,4800,,9.4,4.0,8.05,7.150000000000001,9.4,4.0
105,Cameron Brate,TE,TB,4700,9.6,7.7,11.0,14.62,11.106666666666667,14.62,7.7
106,Tarik Cohen,RB,CHI,4700,9.6,7.2,6.5,12.29,8.663333333333332,12.29,6.5
107,Blake Bortles,QB,JAX,4700,15.1,14.6,17.5,13.553,15.217666666666668,17.5,13.553
108,Jay Cutler,QB,MIA,4700,13.4,13.59,15.5,10.456,13.182,15.5,10.456
109,Jermaine Kearse,WR,NYJ,4700,9.7,7.54,5.5,12.317,8.452333333333334,12.317,5.5
110,Joe Flacco,QB,BAL,4700,11.4,10.9,14.3,8.302999999999999,11.167666666666667,14.3,8.302999999999999
111,AJ McCarron,QB,CIN,4700,0.1,0.23,,0.0,0.115,0.23,0.0
112,Dion Lewis,RB,NE,4700,5.4,6.27,5.0,6.382999999999999,5.884333333333333,6.382999999999999,5.0
113,Colt McCoy,QB,WAS,4700,,0.21,,0.0,0.105,0.21,0.0
114,Wendell Smallwood,RB,PHI,4700,10.3,8.06,,7.475,7.7675,8.06,7.475
115,Greg Olsen,TE,CAR,4600,0,,,2.9,2.9,2.9,2.9
116,Mitchell Trubisky,QB,CHI,4600,12.4,11.08,15.5,7.347,11.309,15.5,7.347
117,Chase Daniel,QB,NO,4600,0.1,,,0.0,0.0,0.0,0.0
118,Cooper Kupp,WR,LA,4600,10.4,8.36,6.5,9.583,8.147666666666666,9.583,6.5
119,Corey Davis,WR,TEN,4500,0,,,7.15,7.15,7.15,7.15
120,Joe Callahan,QB,GB,4500,0.1,,,0.0,0.0,0.0,0.0
121,Matt Moore,QB,MIA,4500,0.1,0.29,,0.0,0.145,0.29,0.0
122,Matt Forte,RB,NYJ,4500,6.8,6.47,6.5,9.575,7.515,9.575,6.47
123,Landry Jones,QB,PIT,4500,0.1,0.24,,0.0,0.12,0.24,0.0
124,James Conner,RB,PIT,4500,2.2,,,1.15,1.15,1.15,1.15
125,Jason Witten,TE,DAL,4500,9.2,7.59,11.5,12.18,10.423333333333334,12.18,7.59
126,Cooper Rush,QB,DAL,4500,,,,0.0,0.0,0.0,0.0
127,Cardale Jones,QB,LAC,4500,0,,,0.0,0.0,0.0,0.0
128,Geno Smith,QB,NYG,4500,0.1,0.25,,0.0,0.125,0.25,0.0
129,Mike Gillislee,RB,NE,4500,8.6,7.65,4.0,8.667,6.772333333333333,8.667,4.0
130,LeGarrette Blount,RB,PHI,4500,8.7,7.66,13.0,10.183,10.281,13.0,7.66
131,Mike Glennon,QB,CHI,4400,0.1,0.25,,11.18,5.715,11.18,0.25
132,Jaron Brown,WR,ARI,4400,8.9,,4.0,9.067,6.5335,9.067,4.0
133,Sammy Watkins,WR,LA,4400,9.3,,,8.7,8.7,8.7,8.7
134,Kenny Stills,WR,MIA,4400,8.9,,6.0,8.46,7.23,8.46,6.0
135,Matt Breida,RB,SF,4400,7.6,6.03,4.5,5.083,5.2043333333333335,6.03,4.5
136,Evan Engram,TE,NYG,4400,11.1,9.19,12.5,10.7,10.796666666666667,12.5,9.19
137,Nick Foles,QB,PHI,4400,0.1,0.26,,0.0,0.13,0.26,0.0
138,Eric Decker,WR,TEN,4300,9.4,9.15,5.0,7.6,7.25,9.15,5.0
139,Chad Henne,QB,JAX,4300,0.1,,,-0.3,-0.3,-0.3,-0.3
140,Scott Tolzien,QB,IND,4300,0.1,,,3.32,3.32,3.32,3.32
141,Marqise Lee,WR,JAX,4300,11,8.03,12.5,8.467,9.665666666666667,12.5,8.03
142,T.J. Yeldon,RB,JAX,4300,0,,4.0,0.0,2.0,4.0,0.0
143,Blaine Gabbert,QB,ARI,4300,0,,,0.0,0.0,0.0,0.0
144,Andre Ellington,RB,ARI,4300,10,7.52,,9.767,8.6435,9.767,7.52
145,Martavis Bryant,WR,PIT,4300,10,8.08,,8.017000000000001,8.0485,8.08,8.017000000000001
146,Austin Davis,QB,SEA,4300,0.1,0.22,,0.0,0.11,0.22,0.0
147,Matt Schaub,QB,ATL,4300,0.1,,,0.0,0.0,0.0,0.0
148,Samaje Perine,RB,WAS,4300,,,,5.92,5.92,5.92,5.92
149,Adam Humphries,WR,TB,4200,7.6,7.27,,9.76,8.515,9.76,7.27
150,Ricardo Louis,WR,CLE,4200,9.5,7.86,,6.817,7.3385,7.86,6.817
151,Jamaal Williams,RB,GB,4200,0.3,,,1.0,1.0,1.0,1.0
152,Sean Mannion,QB,LA,4200,0.1,0.2,,-0.22,-0.009999999999999995,0.2,-0.22
153,Robby Anderson,WR,NYJ,4200,9.3,8.01,13.0,8.933,9.981,13.0,8.01
154,Elijah McGuire,RB,NYJ,4200,5.2,,,5.882999999999999,5.882999999999999,5.882999999999999,5.882999999999999
155,Jeremy Maclin,WR,BAL,4200,10.5,,5.0,8.78,6.89,8.78,5.0
156,Hunter Henry,TE,LAC,4200,9,7.55,12.5,8.633,9.561,12.5,7.55
157,Paul Richardson,WR,SEA,4200,8.4,,,9.36,9.36,9.36,9.36
158,Jamison Crowder,WR,WAS,4200,,7.69,,5.64,6.665,7.69,5.64
159,Rob Kelley,RB,WAS,4200,,7.52,4.5,4.367,5.4623333333333335,7.52,4.367
160,Ted Ginn Jr.,WR,NO,4100,7.9,8.89,4.5,10.28,7.890000000000001,10.28,4.5
161,Frank Gore,RB,IND,4100,11.9,10.59,14.0,10.133,11.574333333333334,14.0,10.133
162,Allen Hurns,WR,JAX,4100,10.1,8.55,4.5,9.567,7.539000000000001,9.567,4.5
163,Marlon Mack,RB,IND,4100,8.3,6.52,5.5,7.85,6.623333333333332,7.85,5.5
164,Jeremy Kerley,WR,NYJ,4100,6.6,,,8.86,8.86,8.86,8.86
165,Mike Wallace,WR,BAL,4100,8.9,,,8.05,8.05,8.05,8.05
166,Jamaal Charles,RB,DEN,4100,6,,4.5,6.14,5.32,6.14,4.5
167,Brock Osweiler,QB,DEN,4100,0,0.4,,0.62,0.51,0.62,0.4
168,Tyler Lockett,WR,SEA,4100,8.6,7.32,5.0,7.72,6.68,7.72,5.0
169,Thomas Rawls,RB,SEA,4100,6.5,,4.5,1.967,3.2335000000000003,4.5,1.967
170,C.J. Prosise,RB,SEA,4100,6.3,5.76,,5.567,5.6635,5.76,5.567
171,Austin Hooper,TE,ATL,4100,9.1,7.33,3.5,10.04,6.956666666666666,10.04,3.5
172,Joe Webb,QB,BUF,4000,0,,,0.0,0.0,0.0,0.0
173,Charles Clay,TE,BUF,4000,0,,,12.16,12.16,12.16,12.16
174,Jacquizz Rodgers,RB,TB,4000,2.2,,,6.24,6.24,6.24,6.24
175,Ryan Griffin,QB,TB,4000,0,,,0.0,0.0,0.0,0.0
176,Nathan Peterman,QB,BUF,4000,0.1,,,0.0,0.0,0.0,0.0
177,Mark Sanchez,QB,CHI,4000,0,,,0.0,0.0,0.0,0.0
178,Garrett Gilbert,QB,CAR,4000,,,,0.0,0.0,0.0,0.0
179,Brad Kaaya,QB,CAR,4000,,,,0.0,0.0,0.0,0.0
180,Kenny Britt,WR,CLE,4000,6.6,,,6.525,6.525,6.525,6.525
181,Brandon Weeden,QB,TEN,4000,0,,,0.0,0.0,0.0,0.0
182,Josh Gordon,WR,CLE,4000,0,,,0.0,0.0,0.0,0.0
183,Cody Kessler,QB,CLE,4000,0.1,,,0.0,0.0,0.0,0.0
184,Isaiah Crowell,RB,CLE,4000,10.6,9.52,12.0,7.233,9.584333333333333,12.0,7.233
185,Taysom Hill,QB,NO,4000,,,,0.0,0.0,0.0,0.0
186,Willie Snead,WR,NO,4000,9.7,7.58,,2.1,4.84,7.58,2.1
187,Drew Stanton,QB,ARI,4000,0.1,0.24,,0.0,0.12,0.24,0.0
188,Robert Woods,WR,LA,4000,9.5,8.54,11.5,9.5,9.846666666666666,11.5,8.54
189,J.J. Nelson,WR,ARI,4000,6.5,,,10.283,10.283,10.283,10.283
190,Brandon Allen,QB,LA,4000,0,,,0.0,0.0,0.0,0.0
191,Bryce Petty,QB,NYJ,4000,0.1,0.28,,0.0,0.14,0.28,0.0
192,Kenyan Drake,RB,MIA,4000,2.3,,,0.8,0.8,0.8,0.8
193,Christian Hackenberg,QB,NYJ,4000,0,,,0.0,0.0,0.0,0.0
194,Ryan Mallett,QB,BAL,4000,0.1,0.2,,5.44,2.8200000000000003,5.44,0.2
195,Latavius Murray,RB,MIN,4000,10.5,7.33,4.5,2.9330000000000003,4.921,7.33,2.9330000000000003
196,Teddy Bridgewater,QB,MIN,4000,0,,,0.0,0.0,0.0,0.0
197,Kyle Sloter,QB,MIN,4000,,,,0.0,0.0,0.0,0.0
198,Alex Collins,RB,BAL,4000,8.4,7.05,4.5,6.3,5.95,7.05,4.5
199,Jeff Driskel,QB,CIN,4000,0,,,0.0,0.0,0.0,0.0
200,Joshua Dobbs,QB,PIT,4000,0,,,0.0,0.0,0.0,0.0
201,Kellen Moore,QB,DAL,4000,0.1,,,0.0,0.0,0.0,0.0
202,Kellen Clemens,QB,LAC,4000,0.1,,,0.0,0.0,0.0,0.0
203,Branden Oliver,RB,LAC,4000,3.9,,,3.2,3.2,3.2,3.2
204,Tyrell Williams,WR,LAC,4000,9.1,,5.5,9.45,7.475,9.45,5.5
205,Chad Kelly,QB,DEN,4000,0,,,0.0,0.0,0.0,0.0
206,Paxton Lynch,QB,DEN,4000,0.1,,,0.0,0.0,0.0,0.0
207,Seahawks ,DST,SEA,4000,,,,10.0,10.0,10.0,10.0
208,Davis Webb,QB,NYG,4000,0,,,0.0,0.0,0.0,0.0
209,Malcolm Brown,RB,LA,3900,2.8,,,3.44,3.44,3.44,3.44
210,Terrance West,RB,BAL,3900,0,,,5.82,5.82,5.82,5.82
211,Terrance Williams,WR,DAL,3900,8,,,7.4,7.4,7.4,7.4
212,Marquise Goodwin,WR,SF,3900,8.8,,,7.75,7.75,7.75,7.75
213,Eddie Lacy,RB,SEA,3900,5.8,,4.5,3.1,3.8,4.5,3.1
214,Wayne Gallman,RB,NYG,3900,6.7,5.71,4.5,10.467,6.892333333333333,10.467,4.5
215,Corey Clement,RB,PHI,3900,2.9,,,2.717,2.717,2.717,2.717
216,Mike Tolbert,RB,BUF,3800,6.4,,5.0,5.54,5.27,5.54,5.0
217,Jonathan Stewart,RB,CAR,3800,11.5,9.42,5.5,6.683,7.2010000000000005,9.42,5.5
218,Russell Shepard,WR,CAR,3800,3.8,,,3.983,3.983,3.983,3.983
219,Corey Grant,RB,JAX,3800,1.5,,,2.167,2.167,2.167,2.167
220,Kyle Rudolph,TE,MIN,3800,9.8,8.08,11.0,8.85,9.31,11.0,8.08
221,Giovani Bernard,RB,CIN,3800,7.9,5.9,5.0,9.5,6.8,9.5,5.0
222,JuJu Smith-Schuster,WR,PIT,3800,8,,10.5,7.7,9.1,10.5,7.7
223,Roger Lewis,WR,NYG,3800,9.5,,,4.45,4.45,4.45,4.45
224,Rex Burkhead,RB,NE,3800,4.2,,,8.35,8.35,8.35,8.35
225,Josh Doctson,WR,WAS,3800,,,4.0,5.0,4.5,5.0,4.0
226,Jordan Matthews,WR,BUF,3700,9.7,7.72,,8.05,7.885,8.05,7.72
227,Kendall Wright,WR,CHI,3700,8.3,,,8.267000000000001,8.267000000000001,8.267000000000001,8.267000000000001
228,Curtis Samuel,WR,CAR,3700,2.5,,,1.82,1.82,1.82,1.82
229,Jaguars ,DST,JAX,3700,,,,14.5,14.5,14.5,14.5
230,Robert Turbin,RB,IND,3700,0,,,4.317,4.317,4.317,4.317
231,Damien Williams,RB,MIA,3700,3.7,,,2.26,2.26,2.26,2.26
232,Danny Woodhead,RB,BAL,3700,0,,,6.7,6.7,6.7,6.7
233,Aldrick Robinson,WR,SF,3700,3.9,,,5.05,5.05,5.05,5.05
234,Brice Butler,WR,DAL,3700,3.4,,,8.14,8.14,8.14,8.14
235,Orleans Darkwa,RB,NYG,3700,9.1,7.85,6.5,8.16,7.503333333333333,8.16,6.5
236,Justin Hardy,WR,ATL,3700,2.5,,,3.7,3.7,3.7,3.7
237,Phillip Dorsett,WR,NE,3700,1.3,,,2.2,2.2,2.2,2.2
238,Vernon Davis,TE,WAS,3700,,4.14,4.0,7.7,5.28,7.7,4.0
239,Zay Jones,WR,BUF,3600,6.5,,,2.32,2.32,2.32,2.32
240,Panthers ,DST,CAR,3600,,,,6.5,6.5,6.5,6.5
241,George Kittle,TE,SF,3600,8,6.58,5.0,8.033,6.5376666666666665,8.033,5.0
242,De'Angelo Henderson,RB,DEN,3600,0,,,0.033,0.033,0.033,0.033
243,Shane Vereen,RB,NYG,3600,6.9,,,6.55,6.55,6.55,6.55
244,Malcolm Mitchell,WR,NE,3600,0,,,0.0,0.0,0.0,0.0
245,Torrey Smith,WR,PHI,3600,8,,,6.783,6.783,6.783,6.783
246,Kenjon Barner,RB,PHI,3600,0.1,,,1.633,1.633,1.633,1.633
247,Brandon Tate,WR,BUF,3500,0.6,,,3.5,3.5,3.5,3.5
248,Charles Sims,RB,TB,3500,5.6,,,4.84,4.84,4.84,4.84
249,Ed Dickson,TE,CAR,3500,7.5,6.16,4.0,8.117,6.092333333333333,8.117,4.0
250,Geronimo Allison,WR,GB,3500,1.1,,,5.66,5.66,5.66,5.66
251,Cowboys ,DST,DAL,3500,,,,4.6,4.6,4.6,4.6
252,Broncos ,DST,DEN,3500,,,,7.4,7.4,7.4,7.4
253,Devontae Booker,RB,DEN,3500,4.1,,,6.7,6.7,6.7,6.7
254,Austin Ekeler,RB,LAC,3500,1.3,,,4.4830000000000005,4.4830000000000005,4.4830000000000005,4.4830000000000005
255,Andre Roberts,WR,ATL,3500,0.3,,,0.44,0.44,0.44,0.44
256,Marvin Hall,WR,ATL,3500,,,,11.0,11.0,11.0,11.0
257,Ryan Grant,WR,WAS,3500,,,,8.16,8.16,8.16,8.16
258,Bills ,DST,BUF,3400,,,,9.8,9.8,9.8,9.8
259,Andre Holmes,WR,BUF,3400,4.4,,,4.3,4.3,4.3,4.3
260,Titans ,DST,TEN,3400,,,,5.167000000000002,5.167000000000002,5.167000000000002,5.167000000000002
261,Kasen Williams,WR,CLE,3400,4.8,,,3.48,3.48,3.48,3.48
262,Jack Doyle,TE,IND,3400,7.5,6.31,10.5,9.86,8.889999999999999,10.5,6.31
263,Jeremy Hill,RB,CIN,3400,3.9,,,3.08,3.08,3.08,3.08
264,Mike Williams,WR,LAC,3400,4.8,,,2.5,2.5,2.5,2.5
265,Taywan Taylor,WR,TEN,3300,6.3,,,4.817,4.817,4.817,4.817
266,Martellus Bennett,TE,GB,3300,7.6,6.06,3.5,7.267,5.608999999999999,7.267,3.5
267,Brandon Coleman,WR,NO,3300,4.2,,,7.6,7.6,7.6,7.6
268,Jeff Janis,WR,GB,3300,0,,,0.0,0.0,0.0,0.0
269,Donte Moncrief,WR,IND,3300,8.3,,4.5,7.683,6.0915,7.683,4.5
270,Vikings ,DST,MIN,3300,,,,6.667000000000002,6.667000000000002,6.667000000000002,6.667000000000002
271,Michael Campanaro,WR,BAL,3300,4.4,,,3.733,3.733,3.733,3.733
272,Laquon Treadwell,WR,MIN,3300,6.5,,,2.883,2.883,2.883,2.883
273,Brandon LaFell,WR,CIN,3300,8,,,5.16,5.16,5.16,5.16
274,Rod Smith,RB,DAL,3300,0.8,,,0.72,0.72,0.72,0.72
275,Travis Benjamin,WR,LAC,3300,6.4,,,7.35,7.35,7.35,7.35
276,Bennie Fowler,WR,DEN,3300,9.4,,5.5,7.8,6.65,7.8,5.5
277,Tavarres King,WR,NYG,3300,6.7,,,1.7,1.7,1.7,1.7
278,J.D. McKissic,RB,SEA,3300,2.1,,,13.05,13.05,13.05,13.05
279,Paul Perkins,RB,NYG,3300,0,,,4.15,4.15,4.15,4.15
280,Ed Eagan,WR,NYG,3300,,,,0.0,0.0,0.0,0.0
281,Travis Rudolph,WR,NYG,3300,3.8,,,0.0,0.0,0.0,0.0
282,Zach Miller,TE,CHI,3200,9.2,6.45,4.5,8.45,6.466666666666666,8.45,4.5
283,Markus Wheaton,WR,CHI,3200,0,,,0.633,0.633,0.633,0.633
284,Rashard Higgins,WR,CLE,3200,5.5,,,4.98,4.98,4.98,4.98
285,Jaelen Strong,WR,JAX,3200,0,,,0.0,0.0,0.0,0.0
286,Kerwynn Williams,RB,ARI,3200,2.4,,,2.3,2.3,2.3,2.3
287,Michael Floyd,WR,MIN,3200,5.9,,,2.2,2.2,2.2,2.2
288,Steelers ,DST,PIT,3200,,,,10.0,10.0,10.0,10.0
289,John Ross,WR,CIN,3200,4.2,,,0.2,0.2,0.2,0.2
290,Trent Taylor,WR,SF,3200,6.2,,,5.167000000000002,5.167000000000002,5.167000000000002,5.167000000000002
291,Nick Williams,WR,ATL,3200,0.6,,,6.0,6.0,6.0,6.0
292,Nick O'Leary,TE,BUF,3100,7.2,5.27,4.5,3.54,4.4366666666666665,5.27,3.54
293,Tavon Austin,WR,LA,3100,5,,,3.617,3.617,3.617,3.617
294,Dolphins ,DST,MIA,3100,,,,6.8,6.8,6.8,6.8
295,Jakeem Grant,WR,MIA,3100,3.1,,,0.9,0.9,0.9,0.9
296,Tyler Boyd,WR,CIN,3100,0,,,2.575,2.575,2.575,2.575
297,Taiwan Jones,RB,BUF,3000,0,,,0.0,0.0,0.0,0.0
298,Joe Banyard,RB,BUF,3000,0,,,0.0,0.0,0.0,0.0
299,Patrick DiMarco,RB,BUF,3000,1.6,,,0.26,0.26,0.26,0.26
300,Walter Powell,WR,BUF,3000,0,,,0.0,0.0,0.0,0.0
301,Walter Powell,WR,BUF,3000,0,,,0.0,0.0,0.0,0.0
302,Walter Powell,WR,BUF,3000,0,,,0.0,0.0,0.0,0.0
303,Walter Powell,WR,BUF,3000,0,,,0.0,0.0,0.0,0.0
304,Walter Powell,WR,BUF,3000,0,,,0.0,0.0,0.0,0.0
305,Walter Powell,WR,BUF,3000,0,,,0.0,0.0,0.0,0.0
306,Walter Powell,WR,BUF,3000,0,,,0.0,0.0,0.0,0.0
307,Walter Powell,WR,BUF,3000,0,,,0.0,0.0,0.0,0.0
308,Walter Powell,WR,BUF,3000,0,,,0.0,0.0,0.0,0.0
309,Walter Powell,WR,BUF,3000,0,,,0.0,0.0,0.0,0.0
310,Walter Powell,WR,BUF,3000,0,,,0.0,0.0,0.0,0.0
311,Walter Powell,WR,BUF,3000,0,,,0.0,0.0,0.0,0.0
312,Walter Powell,WR,BUF,3000,0,,,0.0,0.0,0.0,0.0
313,Walter Powell,WR,BUF,3000,0,,,0.0,0.0,0.0,0.0
314,Walter Powell,WR,BUF,3000,0,,,0.0,0.0,0.0,0.0
315,Kaelin Clay,WR,BUF,3000,1.5,,,0.95,0.95,0.95,0.95
316,Bernard Reedy,WR,TB,3000,0.5,,,0.46,0.46,0.46,0.46
317,Peyton Barber,RB,TB,3000,0,,,0.98,0.98,0.98,0.98
318,Chris Godwin,WR,TB,3000,1.7,,,2.22,2.22,2.22,2.22
319,Fozzy Whittaker,RB,CAR,3000,0,,,2.233,2.233,2.233,2.233
320,Benny Cunningham,RB,CHI,3000,1.3,,,4.12,4.12,4.12,4.12
321,Josh Bellamy,WR,CHI,3000,2.7,,,3.567,3.567,3.567,3.567
322,Michael Burton,RB,CHI,3000,0.4,,,0.417,0.417,0.417,0.417
323,Tre McBride,WR,CHI,3000,6.1,,,0.933,0.933,0.933,0.933
324,Damiere Byrd,WR,CAR,3000,0,,,0.3,0.3,0.3,0.3
325,Cameron Artis-Payne,RB,CAR,3000,1.2,,,0.0,0.0,0.0,0.0
326,Tanner Gentry,WR,CHI,3000,5.6,,,2.35,2.35,2.35,2.35
327,Taquan Mizzell,RB,CHI,3000,,,,0.0,0.0,0.0,0.0
328,Alex Armah,RB,CAR,3000,,,,0.0,0.0,0.0,0.0
329,Eric Weems,WR,TEN,3000,2,,,0.0,0.0,0.0,0.0
330,James Wright,WR,CLE,3000,0,,,0.0,0.0,0.0,0.0
331,James Wright,WR,CLE,3000,0,,,0.0,0.0,0.0,0.0
332,James Wright,WR,CLE,3000,0,,,0.0,0.0,0.0,0.0
333,James Wright,WR,CLE,3000,0,,,0.0,0.0,0.0,0.0
334,James Wright,WR,CLE,3000,0,,,0.0,0.0,0.0,0.0
335,James Wright,WR,CLE,3000,0,,,0.0,0.0,0.0,0.0
336,James Wright,WR,CLE,3000,0,,,0.0,0.0,0.0,0.0
337,James Wright,WR,CLE,3000,0,,,0.0,0.0,0.0,0.0
338,Jalston Fowler,RB,TEN,3000,0.1,,,1.05,1.05,1.05,1.05
339,David Fluellen,RB,TEN,3000,0.6,,,0.35,0.35,0.35,0.35
340,Sammie Coates,WR,CLE,3000,0,,,0.525,0.525,0.525,0.525
341,Darius Jennings,WR,TEN,3000,0,,,0.0,0.0,0.0,0.0
342,Bryce Treggs,WR,CLE,3000,2.9,,,3.9,3.9,3.9,3.9
343,Danny Vitale,RB,CLE,3000,0,,,0.28300000000000003,0.28300000000000003,0.28300000000000003,0.28300000000000003
344,Matthew Dayes,RB,CLE,3000,0.7,,,0.633,0.633,0.633,0.633
345,Saints ,DST,NO,3000,,,,12.0,12.0,12.0,12.0
346,Coby Fleener,TE,NO,3000,6.6,5.58,3.0,7.18,5.253333333333333,7.18,3.0
347,Zach Line,RB,NO,3000,0,,,0.0,0.0,0.0,0.0
348,Aaron Ripkowski,RB,GB,3000,0.7,,,0.733,0.733,0.733,0.733
349,Tommylee Lewis,WR,NO,3000,0,,,4.05,4.05,4.05,4.05
350,Trevor Davis,WR,GB,3000,0.4,,,0.317,0.317,0.317,0.317
351,Trey Edmunds,RB,NO,3000,0.2,,,0.0,0.0,0.0,0.0
352,Austin Carr,WR,NO,3000,,,,0.0,0.0,0.0,0.0
353,Devante Mays,RB,GB,3000,0,,,0.0,0.0,0.0,0.0
354,Arrelious Benn,WR,JAX,3000,1.6,,,0.3670000000000001,0.3670000000000001,0.3670000000000001,0.3670000000000001
355,Kamar Aiken,WR,IND,3000,3.9,,,3.167,3.167,3.167,3.167
356,George Winn,RB,IND,3000,0,,,0.0,0.0,0.0,0.0
357,Tommy Bohanon,RB,JAX,3000,1.6,,,2.05,2.05,2.05,2.05
358,Tommy Bohanon,RB,JAX,3000,0,,,2.05,2.05,2.05,2.05
359,Tommy Bohanon,RB,JAX,3000,0,,,2.05,2.05,2.05,2.05
360,Tommy Bohanon,RB,JAX,3000,0,,,2.05,2.05,2.05,2.05
361,Tommy Bohanon,RB,JAX,3000,0,,,2.05,2.05,2.05,2.05
362,Tommy Bohanon,RB,JAX,3000,0,,,2.05,2.05,2.05,2.05
363,Tommy Bohanon,RB,JAX,3000,0,,,2.05,2.05,2.05,2.05
364,Quan Bray,WR,IND,3000,0.6,,,0.5329999999999999,0.5329999999999999,0.5329999999999999,0.5329999999999999
365,Max McCaffrey,WR,JAX,3000,0,,,0.28,0.28,0.28,0.28
366,Matt Jones,RB,IND,3000,1.4,,,0.7,0.7,0.7,0.7
367,Chester Rogers,WR,IND,3000,3.1,,,0.0,0.0,0.0,0.0
368,Keelan Cole,WR,JAX,3000,6.2,,,1.783,1.783,1.783,1.783
369,Dede Westbrook,WR,JAX,3000,0,,,0.0,0.0,0.0,0.0
370,Lance Dunbar,RB,LA,3000,0,,,0.0,0.0,0.0,0.0
371,Elijhaa Penny,RB,ARI,3000,,,,0.28300000000000003,0.28300000000000003,0.28300000000000003,0.28300000000000003
372,Brittan Golden,WR,ARI,3000,0,,,1.167,1.167,1.167,1.167
373,D.J. Foster,RB,ARI,3000,0,,,0.0,0.0,0.0,0.0
374,Justin Davis,RB,LA,3000,,,,0.05,0.05,0.05,0.05
375,T.J. Logan,RB,ARI,3000,0,,,0.0,0.0,0.0,0.0
376,Pharoh Cooper,WR,LA,3000,0.8,,,1.767,1.767,1.767,1.767
377,Chad Williams,WR,ARI,3000,0,,,2.15,2.15,2.15,2.15
378,Josh Reynolds,WR,LA,3000,0,,,0.633,0.633,0.633,0.633
379,Michael Thomas,WR,LA,3000,0,,,0.0,0.0,0.0,0.0
380,Jets ,DST,NYJ,3000,,,,5.0,5.0,5.0,5.0
381,Travaris Cadet,RB,NYJ,3000,0,,,1.967,1.967,1.967,1.967
382,Senorise Perry,RB,MIA,3000,0,,,0.0,0.0,0.0,0.0
383,Rashawn Scott,WR,MIA,3000,,,,0.0,0.0,0.0,0.0
384,Lawrence Thomas,RB,NYJ,3000,,,,0.8,0.8,0.8,0.8
385,Leonte Carroo,WR,MIA,3000,5.3,,,0.0,0.0,0.0,0.0
386,Jalin Marshall,WR,NYJ,3000,0,,,0.0,0.0,0.0,0.0
387,Jalin Marshall,WR,NYJ,3000,0,,,0.0,0.0,0.0,0.0
388,Jalin Marshall,WR,NYJ,3000,0,,,0.0,0.0,0.0,0.0
389,Jalin Marshall,WR,NYJ,3000,0,,,0.0,0.0,0.0,0.0
390,Jalin Marshall,WR,NYJ,3000,0,,,0.0,0.0,0.0,0.0
391,Jalin Marshall,WR,NYJ,3000,0,,,0.0,0.0,0.0,0.0
392,Jalin Marshall,WR,NYJ,3000,0,,,0.0,0.0,0.0,0.0
393,Jalin Marshall,WR,NYJ,3000,0,,,0.0,0.0,0.0,0.0
394,Jalin Marshall,WR,NYJ,3000,0,,,0.0,0.0,0.0,0.0
395,Jalin Marshall,WR,NYJ,3000,0,,,0.0,0.0,0.0,0.0
396,Lucky Whitehead,WR,NYJ,3000,0,,,0.0,0.0,0.0,0.0
397,Lucky Whitehead,WR,NYJ,3000,0,,,0.0,0.0,0.0,0.0
398,Lucky Whitehead,WR,NYJ,3000,0,,,0.0,0.0,0.0,0.0
399,Lucky Whitehead,WR,NYJ,3000,0,,,0.0,0.0,0.0,0.0
400,Lucky Whitehead,WR,NYJ,3000,0,,,0.0,0.0,0.0,0.0
401,Lucky Whitehead,WR,NYJ,3000,0,,,0.0,0.0,0.0,0.0
402,Lucky Whitehead,WR,NYJ,3000,0,,,0.0,0.0,0.0,0.0
403,Lucky Whitehead,WR,NYJ,3000,0,,,0.0,0.0,0.0,0.0
404,Lucky Whitehead,WR,NYJ,3000,0,,,0.0,0.0,0.0,0.0
405,Lucky Whitehead,WR,NYJ,3000,0,,,0.0,0.0,0.0,0.0
406,ArDarius Stewart,WR,NYJ,3000,2.1,,,1.567,1.567,1.567,1.567
407,Chad Hansen,WR,NYJ,3000,0.5,,,0.0,0.0,0.0,0.0
408,Isaiah Ford,WR,MIA,3000,0,,,0.0,0.0,0.0,0.0
409,Benjamin Watson,TE,BAL,3000,6.8,5.98,4.5,7.933,6.137666666666667,7.933,4.5
410,Bobby Rainey,RB,BAL,3000,1,,,9.1,9.1,9.1,9.1
411,Jarius Wright,WR,MIN,3000,2.5,,,2.317,2.317,2.317,2.317
412,Chris Matthews,WR,BAL,3000,1.6,,,0.917,0.917,0.917,0.917
413,Chris Moore,WR,BAL,3000,5.7,,,2.467,2.467,2.467,2.467
414,Breshad Perriman,WR,BAL,3000,0,,,1.1,1.1,1.1,1.1
415,Stacy Coley,WR,MIN,3000,1.5,,,0.0,0.0,0.0,0.0
416,Rodney Adams,WR,MIN,3000,0,,,0.0,0.0,0.0,0.0
417,C.J. Ham,RB,MIN,3000,0.7,,,1.733,1.733,1.733,1.733
418,Darrius Heyward-Bey,WR,PIT,3000,0,,,0.05,0.05,0.05,0.05
419,Justin Hunter,WR,PIT,3000,2.7,,,1.55,1.55,1.55,1.55
420,Roosevelt Nix,RB,PIT,3000,0,,,0.0,0.0,0.0,0.0
421,Roosevelt Nix,RB,PIT,3000,0,,,0.0,0.0,0.0,0.0
422,Roosevelt Nix,RB,PIT,3000,0,,,0.0,0.0,0.0,0.0
423,Roosevelt Nix,RB,PIT,3000,0,,,0.0,0.0,0.0,0.0
424,Roosevelt Nix,RB,PIT,3000,0,,,0.0,0.0,0.0,0.0
425,Roosevelt Nix,RB,PIT,3000,0,,,0.0,0.0,0.0,0.0
426,Roosevelt Nix,RB,PIT,3000,0,,,0.0,0.0,0.0,0.0
427,Tyler Kroft,TE,CIN,3000,7.7,5.94,4.5,7.98,6.140000000000001,7.98,4.5
428,Eli Rogers,WR,PIT,3000,0,,,2.6,2.6,2.6,2.6
429,Tra Carson,RB,CIN,3000,,,,0.0,0.0,0.0,0.0
430,Terrell Watson,RB,PIT,3000,0.4,,,0.133,0.133,0.133,0.133
431,Alex Erickson,WR,CIN,3000,3.7,,,2.4,2.4,2.4,2.4
432,Cody Core,WR,CIN,3000,0,,,0.0,0.0,0.0,0.0
433,Josh Malone,WR,CIN,3000,0,,,0.0,0.0,0.0,0.0
434,Kyle Juszczyk,RB,SF,3000,4.5,,,4.62,4.62,4.62,4.62
435,Keith Smith,RB,DAL,3000,,,,0.6,0.6,0.6,0.6
436,Raheem Mostert,RB,SF,3000,0.4,,,0.333,0.333,0.333,0.333
437,Ryan Switzer,WR,DAL,3000,0.5,,,-0.08,-0.08,-0.08,-0.08
438,Victor Bolden Jr.,WR,SF,3000,0.1,,,0.0,0.0,0.0,0.0
439,Kendrick Bourne,WR,SF,3000,,,,0.0,0.0,0.0,0.0
440,Noah Brown,WR,DAL,3000,0.3,,,0.767,0.767,0.767,0.767
441,Dontrelle Inman,WR,LAC,3000,0.3,,,0.725,0.725,0.725,0.725
442,Jordan Taylor,WR,DEN,3000,7.3,,,2.8,2.8,2.8,2.8
443,Andre Williams,RB,LAC,3000,0,,,0.0,0.0,0.0,0.0
444,Derek Watt,RB,LAC,3000,0.2,,,0.0,0.0,0.0,0.0
445,Derek Watt,RB,LAC,3000,0,,,0.0,0.0,0.0,0.0
446,Derek Watt,RB,LAC,3000,0,,,0.0,0.0,0.0,0.0
447,Derek Watt,RB,LAC,3000,0,,,0.0,0.0,0.0,0.0
448,Cody Latimer,WR,DEN,3000,0,,,1.4,1.4,1.4,1.4
449,Andy Janovich,RB,DEN,3000,0.4,,,0.04,0.04,0.04,0.04
450,Isaiah McKenzie,WR,DEN,3000,0,,,0.28,0.28,0.28,0.28
451,Tre Madden,RB,SEA,3000,,,,0.0,0.0,0.0,0.0
452,Tanner McEvoy,WR,SEA,3000,1.6,,,-0.2,-0.2,-0.2,-0.2
453,Amara Darboh,WR,SEA,3000,1,,,1.12,1.12,1.12,1.12
454,Matthew Slater,WR,NE,3000,0,,,0.0,0.0,0.0,0.0
455,James Develin,RB,NE,3000,0.6,,,0.833,0.833,0.833,0.833
456,Derrick Coleman,RB,ATL,3000,0,,,0.42,0.42,0.42,0.42
457,Brandon Bolden,RB,NE,3000,0,,,0.0,0.0,0.0,0.0
458,Terron Ward,RB,ATL,3000,0,,,0.0,0.0,0.0,0.0
459,Brian Quick,WR,WAS,3000,,,,0.525,0.525,0.525,0.525
460,Mack Brown,RB,WAS,3000,,,,2.5,2.5,2.5,2.5
461,Marcus Johnson,WR,PHI,3000,1.2,,,0.84,0.84,0.84,0.84
462,Mack Hollins,WR,PHI,3000,1.8,,,2.0,2.0,2.0,2.0
463,Shelton Gibson,WR,PHI,3000,0,,,0.0,0.0,0.0,0.0
464,David Njoku,TE,CLE,2900,5.7,4.56,3.0,7.317,4.959,7.317,3.0
465,Ravens ,DST,BAL,2900,,,,12.167,12.167,12.167,12.167
466,Jesse James,TE,PIT,2900,6.6,4.93,3.5,7.517,5.315666666666666,7.517,3.5
467,Colts ,DST,IND,2800,,,,5.832999999999998,5.832999999999998,5.832999999999998,5.832999999999998
468,Antonio Gates,TE,LAC,2800,6.7,4.91,2.0,4.917,3.9423333333333335,4.917,2.0
469,A.J. Derby,TE,DEN,2800,6.6,4.81,3.0,5.48,4.43,5.48,3.0
470,Eagles ,DST,PHI,2800,,,,8.667,8.667,8.667,8.667
471,Buccaneers ,DST,TB,2700,,,,6.8,6.8,6.8,6.8
472,Tyler Higbee,TE,LA,2700,7.5,5.25,1.5,4.6,3.783333333333333,5.25,1.5
473,Dwayne Allen,TE,NE,2700,1,,,0.0,0.0,0.0,0.0
474,Logan Thomas,TE,BUF,2600,3.5,,,0.26,0.26,0.26,0.26
475,O.J. Howard,TE,TB,2600,3.7,2.81,1.0,4.34,2.716666666666667,4.34,1.0
476,Dion Sims,TE,CHI,2600,4.5,3.36,,3.633,3.4965,3.633,3.36
477,Seth DeValve,TE,CLE,2600,5.6,4.47,2.5,6.117000000000001,4.362333333333333,6.117000000000001,2.5
478,Jonnu Smith,TE,TEN,2600,3.5,3.01,,4.917,3.9635,4.917,3.01
479,Marcedes Lewis,TE,JAX,2600,6.1,4.94,2.0,5.1,4.013333333333333,5.1,2.0
480,Rams ,DST,LA,2600,,,,11.5,11.5,11.5,11.5
481,Jermaine Gresham,TE,ARI,2600,7.7,5.38,2.0,5.24,4.206666666666667,5.38,2.0
482,Gerald Everett,TE,LA,2600,3.3,2.68,2.0,4.7330000000000005,3.1376666666666666,4.7330000000000005,2.0
483,Julius Thomas,TE,MIA,2600,8.2,5.82,2.5,4.56,4.293333333333333,5.82,2.5
484,Vance McDonald,TE,PIT,2600,2.2,2.08,,0.72,1.4,2.08,0.72
485,Giants ,DST,NYG,2600,,,,6.5,6.5,6.5,6.5
486,Luke Willson,TE,SEA,2600,3,2.65,,5.48,4.065,5.48,2.65
487,Luke Stocker,TE,TB,2500,0.3,,,0.3,0.3,0.3,0.3
488,Khari Lee,TE,BUF,2500,0.5,,,0.0,0.0,0.0,0.0
489,Antony Auclair,TE,TB,2500,,,,0.0,0.0,0.0,0.0
490,Andrew DePaola,TE,CHI,2500,,,,0.0,0.0,0.0,0.0
491,Daniel Brown,TE,CHI,2500,0,,,0.0,0.0,0.0,0.0
492,Chris Manhertz,TE,CAR,2500,0.5,,,0.0,0.0,0.0,0.0
493,Adam Shaheen,TE,CHI,2500,0.2,,,1.2,1.2,1.2,1.2
494,Beau Brinkley,TE,TEN,2500,0,,,0.0,0.0,0.0,0.0
495,Randall Telfer,TE,CLE,2500,0.3,,,0.733,0.733,0.733,0.733
496,Phillip Supernaw,TE,TEN,2500,0.2,,,1.817,1.817,1.817,1.817
497,Lance Kendricks,TE,GB,2500,2.1,1.81,,3.567,2.6885000000000003,3.567,1.81
498,Michael Hoomanawanui,TE,NO,2500,2.8,1.94,,2.96,2.45,2.96,1.94
499,Josh Hill,TE,NO,2500,1.3,1.86,,1.44,1.65,1.86,1.44
500,Richard Rodgers,TE,GB,2500,0.3,,,1.133,1.133,1.133,1.133
501,Brandon Williams,TE,IND,2500,0.9,,,2.267,2.267,2.267,2.267
502,Erik Swoope,TE,IND,2500,0,,,0.0,0.0,0.0,0.0
503,James O'Shaughnessy,TE,JAX,2500,1.6,1.57,,1.35,1.46,1.57,1.35
504,Ben Koyack,TE,JAX,2500,0.5,,,0.517,0.517,0.517,0.517
505,Henry Krieger-Coble,TE,IND,2500,,,,0.0,0.0,0.0,0.0
506,Darrell Daniels,TE,IND,2500,0.9,,,0.65,0.65,0.65,0.65
507,Ifeanyi Momah,TE,ARI,2500,0.7,,,0.933,0.933,0.933,0.933
508,Troy Niklas,TE,ARI,2500,2.6,2.19,,2.4330000000000003,2.3115,2.4330000000000003,2.19
509,Derek Carrier,TE,LA,2500,1.1,,,1.133,1.133,1.133,1.133
510,Ricky Seals-Jones,TE,ARI,2500,,,,0.0,0.0,0.0,0.0
511,Anthony Fasano,TE,MIA,2500,1.6,,,0.0,0.0,0.0,0.0
512,MarQueis Gray,TE,MIA,2500,1,,,0.0,0.0,0.0,0.0
513,Eric Tomlinson,TE,NYJ,2500,1,,,2.225,2.225,2.225,2.225
514,Jordan Leggett,TE,NYJ,2500,0,,,0.0,0.0,0.0,0.0
515,Kevin McDermott,TE,MIN,2500,,,,0.0,0.0,0.0,0.0
516,Blake Bell,TE,MIN,2500,0.5,,,0.3670000000000001,0.3670000000000001,0.3670000000000001,0.3670000000000001
517,Nick Boyle,TE,BAL,2500,3.8,2.94,1.5,3.95,2.796666666666667,3.95,1.5
518,David Morgan,TE,MIN,2500,0.5,,,0.0,0.0,0.0,0.0
519,Maxx Williams,TE,BAL,2500,0,,,2.8,2.8,2.8,2.8
520,Vince Mayle,TE,BAL,2500,,,,1.033,1.033,1.033,1.033
521,Bengals ,DST,CIN,2500,,,,8.4,8.4,8.4,8.4
522,Clark Harris,TE,CIN,2500,0,,,0.0,0.0,0.0,0.0
523,Ryan Hewitt,TE,CIN,2500,,,,0.65,0.65,0.65,0.65
524,Xavier Grimble,TE,PIT,2500,0,,,0.0,0.0,0.0,0.0
525,C.J. Uzomah,TE,CIN,2500,1.3,,,1.733,1.733,1.733,1.733
526,Cethan Carter,TE,CIN,2500,0.5,,,0.0,0.0,0.0,0.0
527,Logan Paulsen,TE,SF,2500,0,,,0.0,0.0,0.0,0.0
528,Kyle Nelson,TE,SF,2500,0,,,0.0,0.0,0.0,0.0
529,Garrett Celek,TE,SF,2500,0.8,,,2.1,2.1,2.1,2.1
530,James Hanna,TE,DAL,2500,1.6,,,1.96,1.96,1.96,1.96
531,Rico Gathers,TE,DAL,2500,0,,,0.0,0.0,0.0,0.0
532,Cole Hikutini,TE,SF,2500,0.3,,,0.0,0.0,0.0,0.0
533,Geoff Swaim,TE,DAL,2500,0.5,,,0.0,0.0,0.0,0.0
534,Virgil Green,TE,DEN,2500,3.9,3.08,1.0,4.54,2.8733333333333335,4.54,1.0
535,Sean McGrath,TE,LAC,2500,0.3,,,0.4,0.4,0.4,0.4
536,Jeff Heuerman,TE,DEN,2500,2.2,2.39,,3.18,2.785,3.18,2.39
537,Sean Culkin,TE,LAC,2500,,,,0.0,0.0,0.0,0.0
538,Jake Butt,TE,DEN,2500,0,,,0.0,0.0,0.0,0.0
539,Jake Butt,TE,DEN,2500,0,,,0.0,0.0,0.0,0.0
540,Jake Butt,TE,DEN,2500,0,,,0.0,0.0,0.0,0.0
541,Jake Butt,TE,DEN,2500,0,,,0.0,0.0,0.0,0.0
542,Rhett Ellison,TE,NYG,2500,3.1,2.43,1.0,2.833,2.087666666666667,2.833,1.0
543,Tyler Ott,TE,SEA,2500,,,,0.0,0.0,0.0,0.0
544,Matt LaCosse,TE,NYG,2500,0.6,,,0.0,0.0,0.0,0.0
545,Nick Vannett,TE,SEA,2500,0.3,,,0.86,0.86,0.86,0.86
546,Jerell Adams,TE,NYG,2500,0.6,,,1.4169999999999998,1.4169999999999998,1.4169999999999998,1.4169999999999998
547,Levine Toilolo,TE,ATL,2500,1.3,,,1.02,1.02,1.02,1.02
548,Eric Saubert,TE,ATL,2500,0,,,0.0,0.0,0.0,0.0
549,Jacob Hollister,TE,NE,2500,0.7,,,0.88,0.88,0.88,0.88
550,Brent Celek,TE,PHI,2500,1.3,,1.0,0.6,0.8,1.0,0.6
551,Niles Paul,TE,WAS,2500,,,,0.12,0.12,0.12,0.12
552,Trey Burton,TE,PHI,2500,2.4,2.23,1.0,2.7,1.9766666666666666,2.7,1.0
553,Jeremy Sprinkle,TE,WAS,2500,,,,0.0,0.0,0.0,0.0
554,Cardinals ,DST,ARI,2400,,,,5.167000000000002,5.167000000000002,5.167000000000002,5.167000000000002
555,Chargers ,DST,LAC,2400,,,,5.5,5.5,5.5,5.5
556,Redskins ,DST,WAS,2400,,,,8.4,8.4,8.4,8.4
557,Browns ,DST,CLE,2300,,,,5.332999999999998,5.332999999999998,5.332999999999998,5.332999999999998
558,Packers ,DST,GB,2300,,,,7.167000000000002,7.167000000000002,7.167000000000002,7.167000000000002
559,Patriots ,DST,NE,2300,,,,4.667,4.667,4.667,4.667
560,Bears ,DST,CHI,2200,,,,6.0,6.0,6.0,6.0
561,49ers ,DST,SF,2100,,,,5.167000000000002,5.167000000000002,5.167000000000002,5.167000000000002
562,Falcons ,DST,ATL,2100,,,,5.6,5.6,5.6,5.6
